ID,hour,holiday,maxtemp,mintemp,load
0,0,0,0.812,0.27,21.091
1,0.011,0,0.812,0.27,21.333
2,0.021,0,0.812,0.27,20.608
3,0.032,0,0.812,0.27,20.447
4,0.042,0,0.812,0.27,20.125
5,0.053,0,0.812,0.27,20.125
6,0.063,0,0.812,0.27,19.079
7,0.074,0,0.812,0.27,19.24
8,0.084,0,0.812,0.27,18.998
9,0.095,0,0.812,0.27,19.32
10,0.105,0,0.812,0.27,18.837
11,0.116,0,0.812,0.27,17.871
12,0.126,0,0.812,0.27,17.629
13,0.137,0,0.812,0.27,18.595
14,0.147,0,0.812,0.27,18.434
15,0.158,0,0.812,0.27,17.951
16,0.168,0,0.812,0.27,17.871
17,0.179,0,0.812,0.27,17.307
18,0.189,0,0.812,0.27,17.307
19,0.2,0,0.812,0.27,17.146
20,0.211,0,0.812,0.27,17.307
21,0.221,0,0.812,0.27,17.146
22,0.232,0,0.812,0.27,16.744
23,0.242,0,0.812,0.27,17.146
24,0.253,0,0.812,0.27,18.193
25,0.263,0,0.812,0.27,18.354
26,0.274,0,0.812,0.27,19.159
27,0.284,0,0.812,0.27,19.642
28,0.295,0,0.812,0.27,20.93
29,0.305,0,0.812,0.27,21.896
30,0.316,0,0.812,0.27,23.023
31,0.326,0,0.812,0.27,23.828
32,0.337,0,0.812,0.27,26.646
33,0.347,0,0.812,0.27,28.899
34,0.358,0,0.812,0.27,30.268
35,0.368,0,0.812,0.27,31.234
36,0.379,0,0.812,0.27,31.878
37,0.389,0,0.812,0.27,33.085
38,0.4,0,0.812,0.27,32.28
39,0.411,0,0.812,0.27,32.683
40,0.421,0,0.812,0.27,34.374
41,0.432,0,0.812,0.27,33.89
42,0.442,0,0.812,0.27,33.649
43,0.453,0,0.812,0.27,34.293
44,0.463,0,0.812,0.27,35.098
45,0.474,0,0.812,0.27,35.742
46,0.484,0,0.812,0.27,35.098
47,0.495,0,0.812,0.27,33.488
48,0.505,0,0.812,0.27,27.37
49,0.516,0,0.812,0.27,25.196
50,0.526,0,0.812,0.27,25.196
51,0.537,0,0.812,0.27,24.955
52,0.547,0,0.812,0.27,25.518
53,0.558,0,0.812,0.27,27.692
54,0.568,0,0.812,0.27,29.382
55,0.579,0,0.812,0.27,29.382
56,0.589,0,0.812,0.27,30.188
57,0.6,0,0.812,0.27,30.993
58,0.611,0,0.812,0.27,31.153
59,0.621,0,0.812,0.27,30.268
60,0.632,0,0.812,0.27,29.946
61,0.642,0,0.812,0.27,30.026
62,0.653,0,0.812,0.27,29.624
63,0.663,0,0.812,0.27,29.946
64,0.674,0,0.812,0.27,30.026
65,0.684,0,0.812,0.27,30.993
66,0.695,0,0.812,0.27,30.831
67,0.705,0,0.812,0.27,30.188
68,0.716,0,0.812,0.27,29.946
69,0.726,0,0.812,0.27,29.463
70,0.737,0,0.812,0.27,30.268
71,0.747,0,0.812,0.27,28.094
72,0.758,0,0.812,0.27,25.76
73,0.768,0,0.812,0.27,25.277
74,0.779,0,0.812,0.27,26.082
75,0.789,0,0.812,0.27,26.001
76,0.8,0,0.812,0.27,26.001
77,0.811,0,0.812,0.27,26.968
78,0.821,0,0.812,0.27,28.094
79,0.832,0,0.812,0.27,28.497
80,0.842,0,0.812,0.27,28.417
81,0.853,0,0.812,0.27,28.175
82,0.863,0,0.812,0.27,27.611
83,0.874,0,0.812,0.27,27.128
84,0.884,0,0.812,0.27,27.128
85,0.895,0,0.812,0.27,26.646
86,0.905,0,0.812,0.27,24.23
87,0.916,0,0.812,0.27,24.069
88,0.926,0,0.812,0.27,23.506
89,0.937,0,0.812,0.27,22.057
90,0.947,0,0.812,0.27,21.01
91,0.958,0,0.812,0.27,19.803
92,0.968,0,0.812,0.27,19.481
93,0.979,0,0.812,0.27,19.159
94,0.989,0,0.812,0.27,18.515
95,1,0,0.812,0.27,19.883
96,0,0,0.754,0.67,20.045
97,0.011,0,0.754,0.67,18.595
98,0.021,0,0.754,0.67,18.676
99,0.032,0,0.754,0.67,18.354
100,0.042,0,0.754,0.67,17.951
101,0.053,0,0.754,0.67,19.159
102,0.063,0,0.754,0.67,17.388
103,0.074,0,0.754,0.67,18.274
104,0.084,0,0.754,0.67,18.757
105,0.095,0,0.754,0.67,17.791
106,0.105,0,0.754,0.67,16.824
107,0.116,0,0.754,0.67,16.503
108,0.126,0,0.754,0.67,15.858
109,0.137,0,0.754,0.67,16.503
110,0.147,0,0.754,0.67,16.422
111,0.158,0,0.754,0.67,15.939
112,0.168,0,0.754,0.67,15.939
113,0.179,0,0.754,0.67,16.261
114,0.189,0,0.754,0.67,15.778
115,0.2,0,0.754,0.67,15.698
116,0.211,0,0.754,0.67,15.536
117,0.221,0,0.754,0.67,15.617
118,0.232,0,0.754,0.67,15.536
119,0.242,0,0.754,0.67,15.536
120,0.253,0,0.754,0.67,16.341
121,0.263,0,0.754,0.67,16.824
122,0.274,0,0.754,0.67,17.71
123,0.284,0,0.754,0.67,19.079
124,0.295,0,0.754,0.67,19.642
125,0.305,0,0.754,0.67,21.493
126,0.316,0,0.754,0.67,22.459
127,0.326,0,0.754,0.67,23.909
128,0.337,0,0.754,0.67,26.082
129,0.347,0,0.754,0.67,28.819
130,0.358,0,0.754,0.67,31.395
131,0.368,0,0.754,0.67,31.878
132,0.379,0,0.754,0.67,33.005
133,0.389,0,0.754,0.67,33.166
134,0.4,0,0.754,0.67,33.569
135,0.411,0,0.754,0.67,33.488
136,0.421,0,0.754,0.67,34.213
137,0.432,0,0.754,0.67,34.213
138,0.442,0,0.754,0.67,34.615
139,0.453,0,0.754,0.67,34.856
140,0.463,0,0.754,0.67,35.5
141,0.474,0,0.754,0.67,35.742
142,0.484,0,0.754,0.67,36.386
143,0.495,0,0.754,0.67,35.017
144,0.505,0,0.754,0.67,27.853
145,0.516,0,0.754,0.67,25.518
146,0.526,0,0.754,0.67,25.599
147,0.537,0,0.754,0.67,26.565
148,0.547,0,0.754,0.67,26.806
149,0.558,0,0.754,0.67,29.06
150,0.568,0,0.754,0.67,29.946
151,0.579,0,0.754,0.67,30.912
152,0.589,0,0.754,0.67,33.005
153,0.6,0,0.754,0.67,32.844
154,0.611,0,0.754,0.67,31.717
155,0.621,0,0.754,0.67,30.912
156,0.632,0,0.754,0.67,31.234
157,0.642,0,0.754,0.67,31.153
158,0.653,0,0.754,0.67,30.993
159,0.663,0,0.754,0.67,30.51
160,0.674,0,0.754,0.67,30.59
161,0.684,0,0.754,0.67,30.831
162,0.695,0,0.754,0.67,31.556
163,0.705,0,0.754,0.67,31.958
164,0.716,0,0.754,0.67,30.51
165,0.726,0,0.754,0.67,31.314
166,0.737,0,0.754,0.67,30.831
167,0.747,0,0.754,0.67,30.59
168,0.758,0,0.754,0.67,28.497
169,0.768,0,0.754,0.67,27.128
170,0.779,0,0.754,0.67,27.853
171,0.789,0,0.754,0.67,27.772
172,0.8,0,0.754,0.67,28.014
173,0.811,0,0.754,0.67,28.658
174,0.821,0,0.754,0.67,29.705
175,0.832,0,0.754,0.67,30.107
176,0.842,0,0.754,0.67,29.785
177,0.853,0,0.754,0.67,29.946
178,0.863,0,0.754,0.67,30.107
179,0.874,0,0.754,0.67,29.785
180,0.884,0,0.754,0.67,28.98
181,0.895,0,0.754,0.67,28.175
182,0.905,0,0.754,0.67,27.048
183,0.916,0,0.754,0.67,26.484
184,0.926,0,0.754,0.67,25.277
185,0.937,0,0.754,0.67,24.23
186,0.947,0,0.754,0.67,21.413
187,0.958,0,0.754,0.67,21.333
188,0.968,0,0.754,0.67,21.976
189,0.979,0,0.754,0.67,21.252
190,0.989,0,0.754,0.67,21.171
191,1,0,0.754,0.67,21.01
192,0,0,0.899,0.17,21.816
193,0.011,0,0.899,0.17,21.413
194,0.021,0,0.899,0.17,20.528
195,0.032,0,0.899,0.17,19.32
196,0.042,0,0.899,0.17,20.447
197,0.053,0,0.899,0.17,20.608
198,0.063,0,0.899,0.17,20.608
199,0.074,0,0.899,0.17,20.447
200,0.084,0,0.899,0.17,20.528
201,0.095,0,0.899,0.17,20.769
202,0.105,0,0.899,0.17,19.159
203,0.116,0,0.899,0.17,18.193
204,0.126,0,0.899,0.17,20.045
205,0.137,0,0.899,0.17,19.883
206,0.147,0,0.899,0.17,19.24
207,0.158,0,0.899,0.17,19.32
208,0.168,0,0.899,0.17,18.998
209,0.179,0,0.899,0.17,19.4
210,0.189,0,0.899,0.17,17.951
211,0.2,0,0.899,0.17,19.159
212,0.211,0,0.899,0.17,18.274
213,0.221,0,0.899,0.17,18.274
214,0.232,0,0.899,0.17,18.274
215,0.242,0,0.899,0.17,18.676
216,0.253,0,0.899,0.17,18.515
217,0.263,0,0.899,0.17,19.32
218,0.274,0,0.899,0.17,19.562
219,0.284,0,0.899,0.17,20.608
220,0.295,0,0.899,0.17,21.252
221,0.305,0,0.899,0.17,22.379
222,0.316,0,0.899,0.17,23.506
223,0.326,0,0.899,0.17,25.358
224,0.337,0,0.899,0.17,27.934
225,0.347,0,0.899,0.17,31.476
226,0.358,0,0.899,0.17,33.649
227,0.368,0,0.899,0.17,35.5
228,0.379,0,0.899,0.17,35.259
229,0.389,0,0.899,0.17,34.937
230,0.4,0,0.899,0.17,35.098
231,0.411,0,0.899,0.17,34.132
232,0.421,0,0.899,0.17,33.971
233,0.432,0,0.899,0.17,35.5
234,0.442,0,0.899,0.17,36.708
235,0.453,0,0.899,0.17,36.788
236,0.463,0,0.899,0.17,37.271
237,0.474,0,0.899,0.17,37.674
238,0.484,0,0.899,0.17,37.755
239,0.495,0,0.899,0.17,35.34
240,0.505,0,0.899,0.17,28.577
241,0.516,0,0.899,0.17,25.76
242,0.526,0,0.899,0.17,26.243
243,0.537,0,0.899,0.17,26.646
244,0.547,0,0.899,0.17,26.806
245,0.558,0,0.899,0.17,28.98
246,0.568,0,0.899,0.17,29.463
247,0.579,0,0.899,0.17,30.831
248,0.589,0,0.899,0.17,30.751
249,0.6,0,0.899,0.17,31.958
250,0.611,0,0.899,0.17,31.958
251,0.621,0,0.899,0.17,31.234
252,0.632,0,0.899,0.17,31.476
253,0.642,0,0.899,0.17,31.153
254,0.653,0,0.899,0.17,31.717
255,0.663,0,0.899,0.17,31.878
256,0.674,0,0.899,0.17,31.878
257,0.684,0,0.899,0.17,31.878
258,0.695,0,0.899,0.17,33.327
259,0.705,0,0.899,0.17,33.327
260,0.716,0,0.899,0.17,33.166
261,0.726,0,0.899,0.17,32.924
262,0.737,0,0.899,0.17,32.28
263,0.747,0,0.899,0.17,31.234
264,0.758,0,0.899,0.17,29.624
265,0.768,0,0.899,0.17,28.336
266,0.779,0,0.899,0.17,28.577
267,0.789,0,0.899,0.17,28.094
268,0.8,0,0.899,0.17,28.577
269,0.811,0,0.899,0.17,29.463
270,0.821,0,0.899,0.17,29.865
271,0.832,0,0.899,0.17,30.993
272,0.842,0,0.899,0.17,31.636
273,0.853,0,0.899,0.17,30.912
274,0.863,0,0.899,0.17,30.59
275,0.874,0,0.899,0.17,30.188
276,0.884,0,0.899,0.17,29.222
277,0.895,0,0.899,0.17,28.497
278,0.905,0,0.899,0.17,27.692
279,0.916,0,0.899,0.17,26.806
280,0.926,0,0.899,0.17,25.76
281,0.937,0,0.899,0.17,24.392
282,0.947,0,0.899,0.17,23.023
283,0.958,0,0.899,0.17,21.735
284,0.968,0,0.899,0.17,21.735
285,0.979,0,0.899,0.17,22.54
286,0.989,0,0.899,0.17,22.137
287,1,0,0.899,0.17,23.023
288,0,0,0.775,0.58,22.862
289,0.011,0,0.775,0.58,23.909
290,0.021,0,0.775,0.58,21.333
291,0.032,0,0.775,0.58,22.057
292,0.042,0,0.775,0.58,21.976
293,0.053,0,0.775,0.58,20.93
294,0.063,0,0.775,0.58,21.091
295,0.074,0,0.775,0.58,20.769
296,0.084,0,0.775,0.58,20.85
297,0.095,0,0.775,0.58,20.85
298,0.105,0,0.775,0.58,20.286
299,0.116,0,0.775,0.58,20.688
300,0.126,0,0.775,0.58,19.642
301,0.137,0,0.775,0.58,19.481
302,0.147,0,0.775,0.58,18.998
303,0.158,0,0.775,0.58,19.079
304,0.168,0,0.775,0.58,18.595
305,0.179,0,0.775,0.58,18.193
306,0.189,0,0.775,0.58,18.274
307,0.2,0,0.775,0.58,17.549
308,0.211,0,0.775,0.58,18.193
309,0.221,0,0.775,0.58,18.112
310,0.232,0,0.775,0.58,17.549
311,0.242,0,0.775,0.58,18.032
312,0.253,0,0.775,0.58,18.998
313,0.263,0,0.775,0.58,18.354
314,0.274,0,0.775,0.58,19.481
315,0.284,0,0.775,0.58,20.045
316,0.295,0,0.775,0.58,20.93
317,0.305,0,0.775,0.58,21.413
318,0.316,0,0.775,0.58,23.345
319,0.326,0,0.775,0.58,23.747
320,0.337,0,0.775,0.58,26.082
321,0.347,0,0.775,0.58,30.51
322,0.358,0,0.775,0.58,31.717
323,0.368,0,0.775,0.58,33.569
324,0.379,0,0.775,0.58,33.246
325,0.389,0,0.775,0.58,33.569
326,0.4,0,0.775,0.58,33.729
327,0.411,0,0.775,0.58,33.971
328,0.421,0,0.775,0.58,34.856
329,0.432,0,0.775,0.58,34.615
330,0.442,0,0.775,0.58,34.293
331,0.453,0,0.775,0.58,34.856
332,0.463,0,0.775,0.58,36.145
333,0.474,0,0.775,0.58,36.95
334,0.484,0,0.775,0.58,36.95
335,0.495,0,0.775,0.58,35.984
336,0.505,0,0.775,0.58,29.785
337,0.516,0,0.775,0.58,25.76
338,0.526,0,0.775,0.58,26.726
339,0.537,0,0.775,0.58,25.438
340,0.547,0,0.775,0.58,26.806
341,0.558,0,0.775,0.58,29.302
342,0.568,0,0.775,0.58,30.188
343,0.579,0,0.775,0.58,32.2
344,0.589,0,0.775,0.58,32.039
345,0.6,0,0.775,0.58,31.556
346,0.611,0,0.775,0.58,33.005
347,0.621,0,0.775,0.58,31.878
348,0.632,0,0.775,0.58,31.958
349,0.642,0,0.775,0.58,32.522
350,0.653,0,0.775,0.58,32.441
351,0.663,0,0.775,0.58,33.488
352,0.674,0,0.775,0.58,32.522
353,0.684,0,0.775,0.58,32.683
354,0.695,0,0.775,0.58,33.005
355,0.705,0,0.775,0.58,32.28
356,0.716,0,0.775,0.58,31.878
357,0.726,0,0.775,0.58,30.67
358,0.737,0,0.775,0.58,31.798
359,0.747,0,0.775,0.58,30.026
360,0.758,0,0.775,0.58,28.014
361,0.768,0,0.775,0.58,27.531
362,0.779,0,0.775,0.58,26.565
363,0.789,0,0.775,0.58,27.209
364,0.8,0,0.775,0.58,27.531
365,0.811,0,0.775,0.58,28.98
366,0.821,0,0.775,0.58,29.141
367,0.832,0,0.775,0.58,30.429
368,0.842,0,0.775,0.58,28.739
369,0.853,0,0.775,0.58,28.819
370,0.863,0,0.775,0.58,29.463
371,0.874,0,0.775,0.58,28.417
372,0.884,0,0.775,0.58,28.658
373,0.895,0,0.775,0.58,27.289
374,0.905,0,0.775,0.58,26.968
375,0.916,0,0.775,0.58,25.68
376,0.926,0,0.775,0.58,25.196
377,0.937,0,0.775,0.58,24.392
378,0.947,0,0.775,0.58,22.54
379,0.958,0,0.775,0.58,22.137
380,0.968,0,0.775,0.58,22.942
381,0.979,0,0.775,0.58,22.299
382,0.989,0,0.775,0.58,22.621
383,1,0,0.775,0.58,22.942
384,0,1,0.906,0.63,22.781
385,0.011,1,0.906,0.63,22.701
386,0.021,1,0.906,0.63,22.942
387,0.032,1,0.906,0.63,22.218
388,0.042,1,0.906,0.63,21.413
389,0.053,1,0.906,0.63,20.528
390,0.063,1,0.906,0.63,20.93
391,0.074,1,0.906,0.63,21.01
392,0.084,1,0.906,0.63,19.562
393,0.095,1,0.906,0.63,20.528
394,0.105,1,0.906,0.63,20.366
395,0.116,1,0.906,0.63,19.562
396,0.126,1,0.906,0.63,19.803
397,0.137,1,0.906,0.63,20.045
398,0.147,1,0.906,0.63,19.964
399,0.158,1,0.906,0.63,19.159
400,0.168,1,0.906,0.63,18.434
401,0.179,1,0.906,0.63,18.595
402,0.189,1,0.906,0.63,18.274
403,0.2,1,0.906,0.63,18.193
404,0.211,1,0.906,0.63,18.917
405,0.221,1,0.906,0.63,18.917
406,0.232,1,0.906,0.63,17.791
407,0.242,1,0.906,0.63,17.629
408,0.253,1,0.906,0.63,18.434
409,0.263,1,0.906,0.63,18.998
410,0.274,1,0.906,0.63,19.159
411,0.284,1,0.906,0.63,19.562
412,0.295,1,0.906,0.63,19.562
413,0.305,1,0.906,0.63,21.413
414,0.316,1,0.906,0.63,23.264
415,0.326,1,0.906,0.63,25.035
416,0.337,1,0.906,0.63,26.404
417,0.347,1,0.906,0.63,29.543
418,0.358,1,0.906,0.63,32.441
419,0.368,1,0.906,0.63,32.764
420,0.379,1,0.906,0.63,33.89
421,0.389,1,0.906,0.63,34.454
422,0.4,1,0.906,0.63,33.971
423,0.411,1,0.906,0.63,33.327
424,0.421,1,0.906,0.63,35.098
425,0.432,1,0.906,0.63,34.293
426,0.442,1,0.906,0.63,34.213
427,0.453,1,0.906,0.63,35.017
428,0.463,1,0.906,0.63,35.903
429,0.474,1,0.906,0.63,38.076
430,0.484,1,0.906,0.63,37.916
431,0.495,1,0.906,0.63,34.454
432,0.505,1,0.906,0.63,28.175
433,0.516,1,0.906,0.63,26.323
434,0.526,1,0.906,0.63,25.438
435,0.537,1,0.906,0.63,26.484
436,0.547,1,0.906,0.63,25.599
437,0.558,1,0.906,0.63,28.175
438,0.568,1,0.906,0.63,29.785
439,0.579,1,0.906,0.63,31.395
440,0.589,1,0.906,0.63,32.119
441,0.6,1,0.906,0.63,32.603
442,0.611,1,0.906,0.63,31.073
443,0.621,1,0.906,0.63,32.2
444,0.632,1,0.906,0.63,31.476
445,0.642,1,0.906,0.63,31.476
446,0.653,1,0.906,0.63,30.51
447,0.663,1,0.906,0.63,30.831
448,0.674,1,0.906,0.63,31.395
449,0.684,1,0.906,0.63,31.556
450,0.695,1,0.906,0.63,31.878
451,0.705,1,0.906,0.63,31.476
452,0.716,1,0.906,0.63,30.912
453,0.726,1,0.906,0.63,30.59
454,0.737,1,0.906,0.63,31.073
455,0.747,1,0.906,0.63,29.543
456,0.758,1,0.906,0.63,27.611
457,0.768,1,0.906,0.63,26.968
458,0.779,1,0.906,0.63,27.289
459,0.789,1,0.906,0.63,26.484
460,0.8,1,0.906,0.63,26.484
461,0.811,1,0.906,0.63,27.531
462,0.821,1,0.906,0.63,28.658
463,0.832,1,0.906,0.63,28.658
464,0.842,1,0.906,0.63,28.819
465,0.853,1,0.906,0.63,28.497
466,0.863,1,0.906,0.63,28.336
467,0.874,1,0.906,0.63,27.934
468,0.884,1,0.906,0.63,27.37
469,0.895,1,0.906,0.63,26.484
470,0.905,1,0.906,0.63,25.84
471,0.916,1,0.906,0.63,24.311
472,0.926,1,0.906,0.63,23.345
473,0.937,1,0.906,0.63,22.137
474,0.947,1,0.906,0.63,20.85
475,0.958,1,0.906,0.63,20.366
476,0.968,1,0.906,0.63,20.447
477,0.979,1,0.906,0.63,21.091
478,0.989,1,0.906,0.63,20.85
479,1,1,0.906,0.63,20.286
480,0,1,1,0.78,20.93
481,0.011,1,1,0.78,21.252
482,0.021,1,1,0.78,21.091
483,0.032,1,1,0.78,20.769
484,0.042,1,1,0.78,20.688
485,0.053,1,1,0.78,20.528
486,0.063,1,1,0.78,20.608
487,0.074,1,1,0.78,20.366
488,0.084,1,1,0.78,21.413
489,0.095,1,1,0.78,19.481
490,0.105,1,1,0.78,18.917
491,0.116,1,1,0.78,19.079
492,0.126,1,1,0.78,17.629
493,0.137,1,1,0.78,18.354
494,0.147,1,1,0.78,18.837
495,0.158,1,1,0.78,17.951
496,0.168,1,1,0.78,17.71
497,0.179,1,1,0.78,17.469
498,0.189,1,1,0.78,17.791
499,0.2,1,1,0.78,17.388
500,0.211,1,1,0.78,17.066
501,0.221,1,1,0.78,18.193
502,0.232,1,1,0.78,17.307
503,0.242,1,1,0.78,17.469
504,0.253,1,1,0.78,17.629
505,0.263,1,1,0.78,19.159
506,0.274,1,1,0.78,18.595
507,0.284,1,1,0.78,18.757
508,0.295,1,1,0.78,19.481
509,0.305,1,1,0.78,20.528
510,0.316,1,1,0.78,21.252
511,0.326,1,1,0.78,22.862
512,0.337,1,1,0.78,26.001
513,0.347,1,1,0.78,28.014
514,0.358,1,1,0.78,30.429
515,0.368,1,1,0.78,30.268
516,0.379,1,1,0.78,30.51
517,0.389,1,1,0.78,31.395
518,0.4,1,1,0.78,31.798
519,0.411,1,1,0.78,31.395
520,0.421,1,1,0.78,32.361
521,0.432,1,1,0.78,32.039
522,0.442,1,1,0.78,32.441
523,0.453,1,1,0.78,32.764
524,0.463,1,1,0.78,33.166
525,0.474,1,1,0.78,34.776
526,0.484,1,1,0.78,34.695
527,0.495,1,1,0.78,33.729
528,0.505,1,1,0.78,27.451
529,0.516,1,1,0.78,24.392
530,0.526,1,1,0.78,23.667
531,0.537,1,1,0.78,23.587
532,0.547,1,1,0.78,24.472
533,0.558,1,1,0.78,26.726
534,0.568,1,1,0.78,28.497
535,0.579,1,1,0.78,29.785
536,0.589,1,1,0.78,30.751
537,0.6,1,1,0.78,29.543
538,0.611,1,1,0.78,30.026
539,0.621,1,1,0.78,30.348
540,0.632,1,1,0.78,30.348
541,0.642,1,1,0.78,28.336
542,0.653,1,1,0.78,28.658
543,0.663,1,1,0.78,27.853
544,0.674,1,1,0.78,27.289
545,0.684,1,1,0.78,26.968
546,0.695,1,1,0.78,27.692
547,0.705,1,1,0.78,27.934
548,0.716,1,1,0.78,27.37
549,0.726,1,1,0.78,28.417
550,0.737,1,1,0.78,28.497
551,0.747,1,1,0.78,27.289
552,0.758,1,1,0.78,25.438
553,0.768,1,1,0.78,24.875
554,0.779,1,1,0.78,25.358
555,0.789,1,1,0.78,24.875
556,0.8,1,1,0.78,26.082
557,0.811,1,1,0.78,26.243
558,0.821,1,1,0.78,27.37
559,0.832,1,1,0.78,27.209
560,0.842,1,1,0.78,27.692
561,0.853,1,1,0.78,27.531
562,0.863,1,1,0.78,26.968
563,0.874,1,1,0.78,27.128
564,0.884,1,1,0.78,26.243
565,0.895,1,1,0.78,26.484
566,0.905,1,1,0.78,24.955
567,0.916,1,1,0.78,24.311
568,0.926,1,1,0.78,22.942
569,0.937,1,1,0.78,21.735
570,0.947,1,1,0.78,21.735
571,0.958,1,1,0.78,20.286
572,0.968,1,1,0.78,19.159
573,0.979,1,1,0.78,21.091
574,0.989,1,1,0.78,20.447
575,1,1,1,0.78,20.769
576,0,0,0.862,1,19.883
577,0.011,0,0.862,1,19.964
578,0.021,0,0.862,1,19.159
579,0.032,0,0.862,1,19.159
580,0.042,0,0.862,1,19.642
581,0.053,0,0.862,1,19.481
582,0.063,0,0.862,1,19.159
583,0.074,0,0.862,1,19.481
584,0.084,0,0.862,1,19.079
585,0.095,0,0.862,1,18.917
586,0.105,0,0.862,1,17.951
587,0.116,0,0.862,1,18.274
588,0.126,0,0.862,1,16.905
589,0.137,0,0.862,1,16.986
590,0.147,0,0.862,1,17.629
591,0.158,0,0.862,1,17.469
592,0.168,0,0.862,1,17.066
593,0.179,0,0.862,1,16.905
594,0.189,0,0.862,1,17.307
595,0.2,0,0.862,1,15.698
596,0.211,0,0.862,1,16.261
597,0.221,0,0.862,1,15.939
598,0.232,0,0.862,1,16.503
599,0.242,0,0.862,1,17.791
600,0.253,0,0.862,1,17.146
601,0.263,0,0.862,1,17.307
602,0.274,0,0.862,1,19.079
603,0.284,0,0.862,1,20.205
604,0.295,0,0.862,1,20.528
605,0.305,0,0.862,1,21.252
606,0.316,0,0.862,1,22.379
607,0.326,0,0.862,1,23.425
608,0.337,0,0.862,1,25.921
609,0.347,0,0.862,1,27.451
610,0.358,0,0.862,1,29.946
611,0.368,0,0.862,1,31.476
612,0.379,0,0.862,1,31.636
613,0.389,0,0.862,1,33.005
614,0.4,0,0.862,1,33.166
615,0.411,0,0.862,1,34.374
616,0.421,0,0.862,1,34.454
617,0.432,0,0.862,1,33.408
618,0.442,0,0.862,1,34.454
619,0.453,0,0.862,1,34.213
620,0.463,0,0.862,1,34.213
621,0.474,0,0.862,1,35.179
622,0.484,0,0.862,1,35.42
623,0.495,0,0.862,1,34.374
624,0.505,0,0.862,1,28.014
625,0.516,0,0.862,1,23.989
626,0.526,0,0.862,1,23.828
627,0.537,0,0.862,1,24.15
628,0.547,0,0.862,1,24.713
629,0.558,0,0.862,1,27.531
630,0.568,0,0.862,1,29.785
631,0.579,0,0.862,1,31.717
632,0.589,0,0.862,1,31.717
633,0.6,0,0.862,1,30.831
634,0.611,0,0.862,1,30.59
635,0.621,0,0.862,1,30.831
636,0.632,0,0.862,1,30.348
637,0.642,0,0.862,1,29.382
638,0.653,0,0.862,1,29.946
639,0.663,0,0.862,1,30.59
640,0.674,0,0.862,1,29.946
641,0.684,0,0.862,1,29.06
642,0.695,0,0.862,1,29.463
643,0.705,0,0.862,1,29.382
644,0.716,0,0.862,1,29.302
645,0.726,0,0.862,1,28.98
646,0.737,0,0.862,1,29.543
647,0.747,0,0.862,1,27.611
648,0.758,0,0.862,1,25.84
649,0.768,0,0.862,1,25.921
650,0.779,0,0.862,1,25.116
651,0.789,0,0.862,1,25.518
652,0.8,0,0.862,1,26.323
653,0.811,0,0.862,1,27.289
654,0.821,0,0.862,1,27.128
655,0.832,0,0.862,1,27.692
656,0.842,0,0.862,1,27.451
657,0.853,0,0.862,1,28.014
658,0.863,0,0.862,1,27.853
659,0.874,0,0.862,1,27.37
660,0.884,0,0.862,1,26.646
661,0.895,0,0.862,1,25.358
662,0.905,0,0.862,1,24.713
663,0.916,0,0.862,1,23.828
664,0.926,0,0.862,1,22.621
665,0.937,0,0.862,1,21.735
666,0.947,0,0.862,1,20.125
667,0.958,0,0.862,1,19.24
668,0.968,0,0.862,1,18.515
669,0.979,0,0.862,1,19.32
670,0.989,0,0.862,1,19.562
671,1,0,0.862,1,20.125
672,0,0,0.623,0.74,20.93
673,0.011,0,0.623,0.74,20.608
674,0.021,0,0.623,0.74,19.883
675,0.032,0,0.623,0.74,19.964
676,0.042,0,0.623,0.74,18.998
677,0.053,0,0.623,0.74,19.32
678,0.063,0,0.623,0.74,18.354
679,0.074,0,0.623,0.74,19.24
680,0.084,0,0.623,0.74,18.354
681,0.095,0,0.623,0.74,18.917
682,0.105,0,0.623,0.74,17.791
683,0.116,0,0.623,0.74,16.744
684,0.126,0,0.623,0.74,18.112
685,0.137,0,0.623,0.74,17.469
686,0.147,0,0.623,0.74,17.791
687,0.158,0,0.623,0.74,17.469
688,0.168,0,0.623,0.74,16.905
689,0.179,0,0.623,0.74,15.778
690,0.189,0,0.623,0.74,16.341
691,0.2,0,0.623,0.74,16.1
692,0.211,0,0.623,0.74,16.02
693,0.221,0,0.623,0.74,16.583
694,0.232,0,0.623,0.74,16.261
695,0.242,0,0.623,0.74,16.744
696,0.253,0,0.623,0.74,15.698
697,0.263,0,0.623,0.74,16.986
698,0.274,0,0.623,0.74,17.146
699,0.284,0,0.623,0.74,17.951
700,0.295,0,0.623,0.74,18.274
701,0.305,0,0.623,0.74,19.722
702,0.316,0,0.623,0.74,21.091
703,0.326,0,0.623,0.74,22.459
704,0.337,0,0.623,0.74,23.184
705,0.347,0,0.623,0.74,25.358
706,0.358,0,0.623,0.74,28.658
707,0.368,0,0.623,0.74,28.739
708,0.379,0,0.623,0.74,28.98
709,0.389,0,0.623,0.74,30.51
710,0.4,0,0.623,0.74,29.785
711,0.411,0,0.623,0.74,30.429
712,0.421,0,0.623,0.74,30.831
713,0.432,0,0.623,0.74,30.912
714,0.442,0,0.623,0.74,31.314
715,0.453,0,0.623,0.74,31.234
716,0.463,0,0.623,0.74,32.522
717,0.474,0,0.623,0.74,33.085
718,0.484,0,0.623,0.74,32.844
719,0.495,0,0.623,0.74,31.153
720,0.505,0,0.623,0.74,24.552
721,0.516,0,0.623,0.74,22.942
722,0.526,0,0.623,0.74,23.506
723,0.537,0,0.623,0.74,23.345
724,0.547,0,0.623,0.74,23.909
725,0.558,0,0.623,0.74,26.726
726,0.568,0,0.623,0.74,27.289
727,0.579,0,0.623,0.74,28.577
728,0.589,0,0.623,0.74,28.577
729,0.6,0,0.623,0.74,28.255
730,0.611,0,0.623,0.74,28.577
731,0.621,0,0.623,0.74,28.577
732,0.632,0,0.623,0.74,28.014
733,0.642,0,0.623,0.74,28.175
734,0.653,0,0.623,0.74,27.934
735,0.663,0,0.623,0.74,28.094
736,0.674,0,0.623,0.74,27.853
737,0.684,0,0.623,0.74,28.899
738,0.695,0,0.623,0.74,28.739
739,0.705,0,0.623,0.74,29.463
740,0.716,0,0.623,0.74,29.302
741,0.726,0,0.623,0.74,30.107
742,0.737,0,0.623,0.74,28.497
743,0.747,0,0.623,0.74,27.37
744,0.758,0,0.623,0.74,26.404
745,0.768,0,0.623,0.74,25.116
746,0.779,0,0.623,0.74,24.955
747,0.789,0,0.623,0.74,25.196
748,0.8,0,0.623,0.74,25.358
749,0.811,0,0.623,0.74,25.358
750,0.821,0,0.623,0.74,25.76
751,0.832,0,0.623,0.74,26.806
752,0.842,0,0.623,0.74,26.646
753,0.853,0,0.623,0.74,27.209
754,0.863,0,0.623,0.74,26.323
755,0.874,0,0.623,0.74,25.921
756,0.884,0,0.623,0.74,25.277
757,0.895,0,0.623,0.74,24.23
758,0.905,0,0.623,0.74,23.989
759,0.916,0,0.623,0.74,22.379
760,0.926,0,0.623,0.74,22.379
761,0.937,0,0.623,0.74,20.286
762,0.947,0,0.623,0.74,19.562
763,0.958,0,0.623,0.74,19.159
764,0.968,0,0.623,0.74,18.434
765,0.979,0,0.623,0.74,19.562
766,0.989,0,0.623,0.74,18.193
767,1,0,0.623,0.74,19.079
768,0,0,0.435,0.28,18.837
769,0.011,0,0.435,0.28,19.32
770,0.021,0,0.435,0.28,19.803
771,0.032,0,0.435,0.28,18.676
772,0.042,0,0.435,0.28,18.676
773,0.053,0,0.435,0.28,18.917
774,0.063,0,0.435,0.28,17.871
775,0.074,0,0.435,0.28,18.595
776,0.084,0,0.435,0.28,18.757
777,0.095,0,0.435,0.28,18.112
778,0.105,0,0.435,0.28,18.112
779,0.116,0,0.435,0.28,17.549
780,0.126,0,0.435,0.28,17.066
781,0.137,0,0.435,0.28,17.227
782,0.147,0,0.435,0.28,16.663
783,0.158,0,0.435,0.28,15.778
784,0.168,0,0.435,0.28,15.858
785,0.179,0,0.435,0.28,16.1
786,0.189,0,0.435,0.28,15.698
787,0.2,0,0.435,0.28,15.617
788,0.211,0,0.435,0.28,15.778
789,0.221,0,0.435,0.28,15.939
790,0.232,0,0.435,0.28,15.778
791,0.242,0,0.435,0.28,16.181
792,0.253,0,0.435,0.28,16.1
793,0.263,0,0.435,0.28,16.341
794,0.274,0,0.435,0.28,17.146
795,0.284,0,0.435,0.28,18.274
796,0.295,0,0.435,0.28,19.159
797,0.305,0,0.435,0.28,19.964
798,0.316,0,0.435,0.28,21.091
799,0.326,0,0.435,0.28,21.896
800,0.337,0,0.435,0.28,24.552
801,0.347,0,0.435,0.28,27.048
802,0.358,0,0.435,0.28,29.302
803,0.368,0,0.435,0.28,31.153
804,0.379,0,0.435,0.28,32.603
805,0.389,0,0.435,0.28,32.522
806,0.4,0,0.435,0.28,33.408
807,0.411,0,0.435,0.28,33.246
808,0.421,0,0.435,0.28,33.649
809,0.432,0,0.435,0.28,33.649
810,0.442,0,0.435,0.28,34.374
811,0.453,0,0.435,0.28,35.5
812,0.463,0,0.435,0.28,35.742
813,0.474,0,0.435,0.28,36.466
814,0.484,0,0.435,0.28,35.822
815,0.495,0,0.435,0.28,34.535
816,0.505,0,0.435,0.28,27.289
817,0.516,0,0.435,0.28,24.23
818,0.526,0,0.435,0.28,23.909
819,0.537,0,0.435,0.28,24.069
820,0.547,0,0.435,0.28,26.243
821,0.558,0,0.435,0.28,29.06
822,0.568,0,0.435,0.28,31.556
823,0.579,0,0.435,0.28,32.2
824,0.589,0,0.435,0.28,33.327
825,0.6,0,0.435,0.28,34.213
826,0.611,0,0.435,0.28,33.569
827,0.621,0,0.435,0.28,33.488
828,0.632,0,0.435,0.28,32.441
829,0.642,0,0.435,0.28,32.844
830,0.653,0,0.435,0.28,33.569
831,0.663,0,0.435,0.28,33.408
832,0.674,0,0.435,0.28,33.89
833,0.684,0,0.435,0.28,33.327
834,0.695,0,0.435,0.28,34.535
835,0.705,0,0.435,0.28,34.695
836,0.716,0,0.435,0.28,34.535
837,0.726,0,0.435,0.28,34.856
838,0.737,0,0.435,0.28,35.34
839,0.747,0,0.435,0.28,34.776
840,0.758,0,0.435,0.28,31.314
841,0.768,0,0.435,0.28,29.543
842,0.779,0,0.435,0.28,30.188
843,0.789,0,0.435,0.28,30.268
844,0.8,0,0.435,0.28,30.831
845,0.811,0,0.435,0.28,30.993
846,0.821,0,0.435,0.28,31.636
847,0.832,0,0.435,0.28,31.073
848,0.842,0,0.435,0.28,30.429
849,0.853,0,0.435,0.28,29.705
850,0.863,0,0.435,0.28,29.382
851,0.874,0,0.435,0.28,28.417
852,0.884,0,0.435,0.28,27.128
853,0.895,0,0.435,0.28,26.163
854,0.905,0,0.435,0.28,25.518
855,0.916,0,0.435,0.28,24.875
856,0.926,0,0.435,0.28,24.23
857,0.937,0,0.435,0.28,22.942
858,0.947,0,0.435,0.28,22.379
859,0.958,0,0.435,0.28,20.93
860,0.968,0,0.435,0.28,20.769
861,0.979,0,0.435,0.28,21.654
862,0.989,0,0.435,0.28,21.574
863,1,0,0.435,0.28,22.137
864,0,0,0,0,21.413
865,0.011,0,0,0,21.574
866,0.021,0,0,0,21.896
867,0.032,0,0,0,20.366
868,0.042,0,0,0,19.883
869,0.053,0,0,0,20.769
870,0.063,0,0,0,20.85
871,0.074,0,0,0,20.366
872,0.084,0,0,0,19.883
873,0.095,0,0,0,19.159
874,0.105,0,0,0,19.32
875,0.116,0,0,0,18.757
876,0.126,0,0,0,19.079
877,0.137,0,0,0,19.159
878,0.147,0,0,0,19.24
879,0.158,0,0,0,18.274
880,0.168,0,0,0,18.274
881,0.179,0,0,0,17.871
882,0.189,0,0,0,17.227
883,0.2,0,0,0,17.227
884,0.211,0,0,0,16.986
885,0.221,0,0,0,16.824
886,0.232,0,0,0,16.341
887,0.242,0,0,0,16.824
888,0.253,0,0,0,17.307
889,0.263,0,0,0,18.112
890,0.274,0,0,0,18.998
891,0.284,0,0,0,19.964
892,0.295,0,0,0,20.528
893,0.305,0,0,0,22.379
894,0.316,0,0,0,23.587
895,0.326,0,0,0,24.552
896,0.337,0,0,0,27.128
897,0.347,0,0,0,30.268
898,0.358,0,0,0,32.28
899,0.368,0,0,0,32.924
900,0.379,0,0,0,33.488
901,0.389,0,0,0,33.569
902,0.4,0,0,0,34.132
903,0.411,0,0,0,34.132
904,0.421,0,0,0,34.374
905,0.432,0,0,0,34.132
906,0.442,0,0,0,34.695
907,0.453,0,0,0,36.064
908,0.463,0,0,0,36.466
909,0.474,0,0,0,38.076
910,0.484,0,0,0,38.479
911,0.495,0,0,0,35.661
912,0.505,0,0,0,29.06
913,0.516,0,0,0,25.76
914,0.526,0,0,0,25.518
915,0.537,0,0,0,26.968
916,0.547,0,0,0,26.887
917,0.558,0,0,0,29.302
918,0.568,0,0,0,30.831
919,0.579,0,0,0,32.361
920,0.589,0,0,0,32.683
921,0.6,0,0,0,33.729
922,0.611,0,0,0,32.361
923,0.621,0,0,0,32.764
924,0.632,0,0,0,33.005
925,0.642,0,0,0,33.166
926,0.653,0,0,0,34.051
927,0.663,0,0,0,34.374
928,0.674,0,0,0,33.89
929,0.684,0,0,0,33.971
930,0.695,0,0,0,34.213
931,0.705,0,0,0,34.213
932,0.716,0,0,0,34.695
933,0.726,0,0,0,34.535
934,0.737,0,0,0,33.488
935,0.747,0,0,0,32.119
936,0.758,0,0,0,30.51
937,0.768,0,0,0,29.302
938,0.779,0,0,0,30.59
939,0.789,0,0,0,30.188
940,0.8,0,0,0,29.463
941,0.811,0,0,0,30.751
942,0.821,0,0,0,31.476
943,0.832,0,0,0,31.878
944,0.842,0,0,0,31.395
945,0.853,0,0,0,31.395
946,0.863,0,0,0,31.556
947,0.874,0,0,0,30.268
948,0.884,0,0,0,29.302
949,0.895,0,0,0,28.255
950,0.905,0,0,0,26.565
951,0.916,0,0,0,26.726
952,0.926,0,0,0,25.358
953,0.937,0,0,0,23.506
954,0.947,0,0,0,22.299
955,0.958,0,0,0,21.735
956,0.968,0,0,0,22.621
957,0.979,0,0,0,22.379
958,0.989,0,0,0,22.862
959,1,0,0,0,23.345
960,0,0,0.174,0,23.506
961,0.011,0,0.174,0,22.299
962,0.021,0,0.174,0,22.459
963,0.032,0,0.174,0,22.54
964,0.042,0,0.174,0,22.862
965,0.053,0,0.174,0,22.299
966,0.063,0,0.174,0,21.333
967,0.074,0,0.174,0,20.93
968,0.084,0,0.174,0,20.205
969,0.095,0,0.174,0,20.85
970,0.105,0,0.174,0,21.01
971,0.116,0,0.174,0,21.252
972,0.126,0,0.174,0,19.883
973,0.137,0,0.174,0,20.125
974,0.147,0,0.174,0,18.757
975,0.158,0,0.174,0,19.159
976,0.168,0,0.174,0,18.595
977,0.179,0,0.174,0,18.193
978,0.189,0,0.174,0,19.24
979,0.2,0,0.174,0,18.354
980,0.211,0,0.174,0,17.951
981,0.221,0,0.174,0,17.066
982,0.232,0,0.174,0,17.388
983,0.242,0,0.174,0,17.227
984,0.253,0,0.174,0,18.112
985,0.263,0,0.174,0,18.757
986,0.274,0,0.174,0,18.998
987,0.284,0,0.174,0,19.562
988,0.295,0,0.174,0,20.688
989,0.305,0,0.174,0,22.299
990,0.316,0,0.174,0,23.587
991,0.326,0,0.174,0,24.23
992,0.337,0,0.174,0,27.611
993,0.347,0,0.174,0,30.429
994,0.358,0,0.174,0,33.89
995,0.368,0,0.174,0,34.615
996,0.379,0,0.174,0,35.661
997,0.389,0,0.174,0,36.225
998,0.4,0,0.174,0,36.386
999,0.411,0,0.174,0,35.581
1000,0.421,0,0.174,0,35.42
1001,0.432,0,0.174,0,34.856
1002,0.442,0,0.174,0,35.903
1003,0.453,0,0.174,0,35.903
1004,0.463,0,0.174,0,36.708
1005,0.474,0,0.174,0,38.721
1006,0.484,0,0.174,0,37.513
1007,0.495,0,0.174,0,36.225
1008,0.505,0,0.174,0,27.772
1009,0.516,0,0.174,0,24.472
1010,0.526,0,0.174,0,24.392
1011,0.537,0,0.174,0,23.184
1012,0.547,0,0.174,0,24.552
1013,0.558,0,0.174,0,26.323
1014,0.568,0,0.174,0,28.739
1015,0.579,0,0.174,0,29.463
1016,0.589,0,0.174,0,30.429
1017,0.6,0,0.174,0,31.395
1018,0.611,0,0.174,0,31.234
1019,0.621,0,0.174,0,30.912
1020,0.632,0,0.174,0,30.831
1021,0.642,0,0.174,0,31.153
1022,0.653,0,0.174,0,31.314
1023,0.663,0,0.174,0,30.993
1024,0.674,0,0.174,0,32.119
1025,0.684,0,0.174,0,32.119
1026,0.695,0,0.174,0,31.556
1027,0.705,0,0.174,0,30.912
1028,0.716,0,0.174,0,31.636
1029,0.726,0,0.174,0,31.636
1030,0.737,0,0.174,0,31.958
1031,0.747,0,0.174,0,30.026
1032,0.758,0,0.174,0,29.302
1033,0.768,0,0.174,0,27.772
1034,0.779,0,0.174,0,29.382
1035,0.789,0,0.174,0,28.739
1036,0.8,0,0.174,0,27.692
1037,0.811,0,0.174,0,28.819
1038,0.821,0,0.174,0,29.624
1039,0.832,0,0.174,0,30.429
1040,0.842,0,0.174,0,29.865
1041,0.853,0,0.174,0,30.188
1042,0.863,0,0.174,0,30.026
1043,0.874,0,0.174,0,29.946
1044,0.884,0,0.174,0,28.658
1045,0.895,0,0.174,0,27.772
1046,0.905,0,0.174,0,26.323
1047,0.916,0,0.174,0,26.001
1048,0.926,0,0.174,0,25.116
1049,0.937,0,0.174,0,23.989
1050,0.947,0,0.174,0,22.218
1051,0.958,0,0.174,0,21.654
1052,0.968,0,0.174,0,21.01
1053,0.979,0,0.174,0,21.976
1054,0.989,0,0.174,0,21.976
1055,1,0,0.174,0,22.701
1056,0,1,0.029,0.1,23.747
1057,0.011,1,0.029,0.1,23.104
1058,0.021,1,0.029,0.1,22.862
1059,0.032,1,0.029,0.1,21.01
1060,0.042,1,0.029,0.1,21.333
1061,0.053,1,0.029,0.1,21.574
1062,0.063,1,0.029,0.1,22.218
1063,0.074,1,0.029,0.1,21.735
1064,0.084,1,0.029,0.1,21.413
1065,0.095,1,0.029,0.1,21.252
1066,0.105,1,0.029,0.1,21.333
1067,0.116,1,0.029,0.1,19.964
1068,0.126,1,0.029,0.1,20.769
1069,0.137,1,0.029,0.1,20.447
1070,0.147,1,0.029,0.1,19.24
1071,0.158,1,0.029,0.1,18.998
1072,0.168,1,0.029,0.1,18.837
1073,0.179,1,0.029,0.1,18.354
1074,0.189,1,0.029,0.1,18.274
1075,0.2,1,0.029,0.1,17.146
1076,0.211,1,0.029,0.1,17.951
1077,0.221,1,0.029,0.1,17.71
1078,0.232,1,0.029,0.1,17.307
1079,0.242,1,0.029,0.1,17.146
1080,0.253,1,0.029,0.1,18.193
1081,0.263,1,0.029,0.1,18.112
1082,0.274,1,0.029,0.1,18.676
1083,0.284,1,0.029,0.1,18.595
1084,0.295,1,0.029,0.1,18.998
1085,0.305,1,0.029,0.1,20.608
1086,0.316,1,0.029,0.1,22.459
1087,0.326,1,0.029,0.1,23.747
1088,0.337,1,0.029,0.1,26.404
1089,0.347,1,0.029,0.1,29.543
1090,0.358,1,0.029,0.1,32.119
1091,0.368,1,0.029,0.1,34.132
1092,0.379,1,0.029,0.1,33.81
1093,0.389,1,0.029,0.1,35.098
1094,0.4,1,0.029,0.1,35.822
1095,0.411,1,0.029,0.1,35.259
1096,0.421,1,0.029,0.1,35.098
1097,0.432,1,0.029,0.1,36.145
1098,0.442,1,0.029,0.1,35.5
1099,0.453,1,0.029,0.1,36.064
1100,0.463,1,0.029,0.1,37.191
1101,0.474,1,0.029,0.1,36.95
1102,0.484,1,0.029,0.1,37.835
1103,0.495,1,0.029,0.1,35.179
1104,0.505,1,0.029,0.1,27.692
1105,0.516,1,0.029,0.1,25.438
1106,0.526,1,0.029,0.1,26.001
1107,0.537,1,0.029,0.1,26.243
1108,0.547,1,0.029,0.1,27.37
1109,0.558,1,0.029,0.1,30.51
1110,0.568,1,0.029,0.1,31.717
1111,0.579,1,0.029,0.1,31.717
1112,0.589,1,0.029,0.1,33.085
1113,0.6,1,0.029,0.1,33.005
1114,0.611,1,0.029,0.1,33.246
1115,0.621,1,0.029,0.1,32.764
1116,0.632,1,0.029,0.1,33.166
1117,0.642,1,0.029,0.1,33.327
1118,0.653,1,0.029,0.1,33.729
1119,0.663,1,0.029,0.1,34.213
1120,0.674,1,0.029,0.1,33.488
1121,0.684,1,0.029,0.1,33.327
1122,0.695,1,0.029,0.1,33.89
1123,0.705,1,0.029,0.1,34.132
1124,0.716,1,0.029,0.1,33.569
1125,0.726,1,0.029,0.1,34.293
1126,0.737,1,0.029,0.1,33.81
1127,0.747,1,0.029,0.1,32.603
1128,0.758,1,0.029,0.1,30.268
1129,0.768,1,0.029,0.1,28.497
1130,0.779,1,0.029,0.1,29.624
1131,0.789,1,0.029,0.1,28.899
1132,0.8,1,0.029,0.1,28.819
1133,0.811,1,0.029,0.1,29.785
1134,0.821,1,0.029,0.1,30.993
1135,0.832,1,0.029,0.1,30.429
1136,0.842,1,0.029,0.1,30.107
1137,0.853,1,0.029,0.1,30.348
1138,0.863,1,0.029,0.1,29.463
1139,0.874,1,0.029,0.1,29.141
1140,0.884,1,0.029,0.1,28.497
1141,0.895,1,0.029,0.1,27.531
1142,0.905,1,0.029,0.1,26.163
1143,0.916,1,0.029,0.1,26.323
1144,0.926,1,0.029,0.1,24.311
1145,0.937,1,0.029,0.1,23.828
1146,0.947,1,0.029,0.1,22.137
1147,0.958,1,0.029,0.1,21.091
1148,0.968,1,0.029,0.1,19.883
1149,0.979,1,0.029,0.1,21.976
1150,0.989,1,0.029,0.1,21.171
1151,1,1,0.029,0.1,22.057
1152,0,1,0.63,0.04,21.413
1153,0.011,1,0.63,0.04,21.976
1154,0.021,1,0.63,0.04,22.379
1155,0.032,1,0.63,0.04,21.574
1156,0.042,1,0.63,0.04,22.057
1157,0.053,1,0.63,0.04,21.091
1158,0.063,1,0.63,0.04,22.137
1159,0.074,1,0.63,0.04,20.688
1160,0.084,1,0.63,0.04,21.896
1161,0.095,1,0.63,0.04,21.333
1162,0.105,1,0.63,0.04,21.01
1163,0.116,1,0.63,0.04,20.85
1164,0.126,1,0.63,0.04,21.252
1165,0.137,1,0.63,0.04,19.562
1166,0.147,1,0.63,0.04,19.079
1167,0.158,1,0.63,0.04,18.515
1168,0.168,1,0.63,0.04,17.388
1169,0.179,1,0.63,0.04,18.595
1170,0.189,1,0.63,0.04,18.917
1171,0.2,1,0.63,0.04,18.193
1172,0.211,1,0.63,0.04,17.549
1173,0.221,1,0.63,0.04,16.744
1174,0.232,1,0.63,0.04,17.388
1175,0.242,1,0.63,0.04,16.503
1176,0.253,1,0.63,0.04,17.549
1177,0.263,1,0.63,0.04,17.227
1178,0.274,1,0.63,0.04,17.227
1179,0.284,1,0.63,0.04,17.388
1180,0.295,1,0.63,0.04,19.079
1181,0.305,1,0.63,0.04,20.608
1182,0.316,1,0.63,0.04,21.252
1183,0.326,1,0.63,0.04,22.299
1184,0.337,1,0.63,0.04,24.311
1185,0.347,1,0.63,0.04,26.726
1186,0.358,1,0.63,0.04,28.417
1187,0.368,1,0.63,0.04,28.98
1188,0.379,1,0.63,0.04,29.785
1189,0.389,1,0.63,0.04,30.107
1190,0.4,1,0.63,0.04,29.785
1191,0.411,1,0.63,0.04,30.188
1192,0.421,1,0.63,0.04,30.268
1193,0.432,1,0.63,0.04,29.463
1194,0.442,1,0.63,0.04,30.188
1195,0.453,1,0.63,0.04,30.348
1196,0.463,1,0.63,0.04,30.429
1197,0.474,1,0.63,0.04,32.844
1198,0.484,1,0.63,0.04,32.764
1199,0.495,1,0.63,0.04,30.831
1200,0.505,1,0.63,0.04,24.955
1201,0.516,1,0.63,0.04,21.091
1202,0.526,1,0.63,0.04,20.447
1203,0.537,1,0.63,0.04,20.528
1204,0.547,1,0.63,0.04,22.379
1205,0.558,1,0.63,0.04,23.667
1206,0.568,1,0.63,0.04,25.035
1207,0.579,1,0.63,0.04,25.84
1208,0.589,1,0.63,0.04,26.001
1209,0.6,1,0.63,0.04,26.243
1210,0.611,1,0.63,0.04,26.565
1211,0.621,1,0.63,0.04,26.646
1212,0.632,1,0.63,0.04,25.68
1213,0.642,1,0.63,0.04,26.968
1214,0.653,1,0.63,0.04,25.921
1215,0.663,1,0.63,0.04,27.048
1216,0.674,1,0.63,0.04,26.243
1217,0.684,1,0.63,0.04,26.887
1218,0.695,1,0.63,0.04,26.887
1219,0.705,1,0.63,0.04,27.692
1220,0.716,1,0.63,0.04,27.37
1221,0.726,1,0.63,0.04,27.692
1222,0.737,1,0.63,0.04,28.094
1223,0.747,1,0.63,0.04,26.726
1224,0.758,1,0.63,0.04,25.358
1225,0.768,1,0.63,0.04,24.713
1226,0.779,1,0.63,0.04,24.069
1227,0.789,1,0.63,0.04,24.955
1228,0.8,1,0.63,0.04,24.392
1229,0.811,1,0.63,0.04,25.68
1230,0.821,1,0.63,0.04,25.84
1231,0.832,1,0.63,0.04,26.001
1232,0.842,1,0.63,0.04,26.484
1233,0.853,1,0.63,0.04,26.726
1234,0.863,1,0.63,0.04,26.082
1235,0.874,1,0.63,0.04,24.875
1236,0.884,1,0.63,0.04,24.069
1237,0.895,1,0.63,0.04,23.667
1238,0.905,1,0.63,0.04,23.747
1239,0.916,1,0.63,0.04,21.816
1240,0.926,1,0.63,0.04,21.654
1241,0.937,1,0.63,0.04,19.803
1242,0.947,1,0.63,0.04,18.434
1243,0.958,1,0.63,0.04,18.998
1244,0.968,1,0.63,0.04,18.112
1245,0.979,1,0.63,0.04,20.125
1246,0.989,1,0.63,0.04,19.722
1247,1,1,0.63,0.04,20.366
1248,0,0,0.326,0.34,19.642
1249,0.011,0,0.326,0.34,19.079
1250,0.021,0,0.326,0.34,20.045
1251,0.032,0,0.326,0.34,18.112
1252,0.042,0,0.326,0.34,19.562
1253,0.053,0,0.326,0.34,18.274
1254,0.063,0,0.326,0.34,18.837
1255,0.074,0,0.326,0.34,18.354
1256,0.084,0,0.326,0.34,17.227
1257,0.095,0,0.326,0.34,18.193
1258,0.105,0,0.326,0.34,17.951
1259,0.116,0,0.326,0.34,16.824
1260,0.126,0,0.326,0.34,16.824
1261,0.137,0,0.326,0.34,16.422
1262,0.147,0,0.326,0.34,15.054
1263,0.158,0,0.326,0.34,14.329
1264,0.168,0,0.326,0.34,14.087
1265,0.179,0,0.326,0.34,14.651
1266,0.189,0,0.326,0.34,13.927
1267,0.2,0,0.326,0.34,14.007
1268,0.211,0,0.326,0.34,14.087
1269,0.221,0,0.326,0.34,13.927
1270,0.232,0,0.326,0.34,14.57
1271,0.242,0,0.326,0.34,14.973
1272,0.253,0,0.326,0.34,15.698
1273,0.263,0,0.326,0.34,16.02
1274,0.274,0,0.326,0.34,17.469
1275,0.284,0,0.326,0.34,18.193
1276,0.295,0,0.326,0.34,18.112
1277,0.305,0,0.326,0.34,19.24
1278,0.316,0,0.326,0.34,19.722
1279,0.326,0,0.326,0.34,20.528
1280,0.337,0,0.326,0.34,23.506
1281,0.347,0,0.326,0.34,26.082
1282,0.358,0,0.326,0.34,28.255
1283,0.368,0,0.326,0.34,30.348
1284,0.379,0,0.326,0.34,31.476
1285,0.389,0,0.326,0.34,32.603
1286,0.4,0,0.326,0.34,32.924
1287,0.411,0,0.326,0.34,33.085
1288,0.421,0,0.326,0.34,32.764
1289,0.432,0,0.326,0.34,33.408
1290,0.442,0,0.326,0.34,34.293
1291,0.453,0,0.326,0.34,34.374
1292,0.463,0,0.326,0.34,35.017
1293,0.474,0,0.326,0.34,35.742
1294,0.484,0,0.326,0.34,36.306
1295,0.495,0,0.326,0.34,34.776
1296,0.505,0,0.326,0.34,27.611
1297,0.516,0,0.326,0.34,24.392
1298,0.526,0,0.326,0.34,25.035
1299,0.537,0,0.326,0.34,25.196
1300,0.547,0,0.326,0.34,26.484
1301,0.558,0,0.326,0.34,30.188
1302,0.568,0,0.326,0.34,30.751
1303,0.579,0,0.326,0.34,31.476
1304,0.589,0,0.326,0.34,33.488
1305,0.6,0,0.326,0.34,32.522
1306,0.611,0,0.326,0.34,32.764
1307,0.621,0,0.326,0.34,32.603
1308,0.632,0,0.326,0.34,32.522
1309,0.642,0,0.326,0.34,32.844
1310,0.653,0,0.326,0.34,31.234
1311,0.663,0,0.326,0.34,31.717
1312,0.674,0,0.326,0.34,32.28
1313,0.684,0,0.326,0.34,32.522
1314,0.695,0,0.326,0.34,33.166
1315,0.705,0,0.326,0.34,33.408
1316,0.716,0,0.326,0.34,33.81
1317,0.726,0,0.326,0.34,33.488
1318,0.737,0,0.326,0.34,33.408
1319,0.747,0,0.326,0.34,32.2
1320,0.758,0,0.326,0.34,29.463
1321,0.768,0,0.326,0.34,29.06
1322,0.779,0,0.326,0.34,28.899
1323,0.789,0,0.326,0.34,29.222
1324,0.8,0,0.326,0.34,29.382
1325,0.811,0,0.326,0.34,30.67
1326,0.821,0,0.326,0.34,30.51
1327,0.832,0,0.326,0.34,31.636
1328,0.842,0,0.326,0.34,31.395
1329,0.853,0,0.326,0.34,30.67
1330,0.863,0,0.326,0.34,30.67
1331,0.874,0,0.326,0.34,29.382
1332,0.884,0,0.326,0.34,28.819
1333,0.895,0,0.326,0.34,27.772
1334,0.905,0,0.326,0.34,26.323
1335,0.916,0,0.326,0.34,25.358
1336,0.926,0,0.326,0.34,24.633
1337,0.937,0,0.326,0.34,23.264
1338,0.947,0,0.326,0.34,21.976
1339,0.958,0,0.326,0.34,20.608
1340,0.968,0,0.326,0.34,20.93
1341,0.979,0,0.326,0.34,22.701
1342,0.989,0,0.326,0.34,23.184
1343,1,0,0.326,0.34,23.425
1344,0,0,0.413,0.3,22.942
1345,0.011,0,0.413,0.3,22.299
1346,0.021,0,0.413,0.3,22.379
1347,0.032,0,0.413,0.3,21.976
1348,0.042,0,0.413,0.3,22.057
1349,0.053,0,0.413,0.3,21.333
1350,0.063,0,0.413,0.3,21.252
1351,0.074,0,0.413,0.3,21.413
1352,0.084,0,0.413,0.3,21.252
1353,0.095,0,0.413,0.3,21.654
1354,0.105,0,0.413,0.3,21.493
1355,0.116,0,0.413,0.3,19.883
1356,0.126,0,0.413,0.3,19.079
1357,0.137,0,0.413,0.3,19.803
1358,0.147,0,0.413,0.3,18.837
1359,0.158,0,0.413,0.3,18.354
1360,0.168,0,0.413,0.3,17.549
1361,0.179,0,0.413,0.3,18.354
1362,0.189,0,0.413,0.3,18.434
1363,0.2,0,0.413,0.3,18.595
1364,0.211,0,0.413,0.3,18.274
1365,0.221,0,0.413,0.3,18.757
1366,0.232,0,0.413,0.3,19.079
1367,0.242,0,0.413,0.3,18.515
1368,0.253,0,0.413,0.3,18.998
1369,0.263,0,0.413,0.3,19.4
1370,0.274,0,0.413,0.3,20.045
1371,0.284,0,0.413,0.3,21.333
1372,0.295,0,0.413,0.3,21.896
1373,0.305,0,0.413,0.3,22.942
1374,0.316,0,0.413,0.3,23.023
1375,0.326,0,0.413,0.3,23.989
1376,0.337,0,0.413,0.3,27.048
1377,0.347,0,0.413,0.3,30.188
1378,0.358,0,0.413,0.3,31.958
1379,0.368,0,0.413,0.3,33.649
1380,0.379,0,0.413,0.3,33.408
1381,0.389,0,0.413,0.3,34.293
1382,0.4,0,0.413,0.3,35.42
1383,0.411,0,0.413,0.3,35.661
1384,0.421,0,0.413,0.3,35.42
1385,0.432,0,0.413,0.3,35.42
1386,0.442,0,0.413,0.3,35.5
1387,0.453,0,0.413,0.3,36.708
1388,0.463,0,0.413,0.3,35.822
1389,0.474,0,0.413,0.3,37.111
1390,0.484,0,0.413,0.3,38.157
1391,0.495,0,0.413,0.3,35.5
1392,0.505,0,0.413,0.3,27.289
1393,0.516,0,0.413,0.3,24.23
1394,0.526,0,0.413,0.3,24.311
1395,0.537,0,0.413,0.3,24.392
1396,0.547,0,0.413,0.3,26.082
1397,0.558,0,0.413,0.3,28.98
1398,0.568,0,0.413,0.3,30.107
1399,0.579,0,0.413,0.3,31.073
1400,0.589,0,0.413,0.3,31.717
1401,0.6,0,0.413,0.3,31.395
1402,0.611,0,0.413,0.3,31.153
1403,0.621,0,0.413,0.3,30.429
1404,0.632,0,0.413,0.3,31.073
1405,0.642,0,0.413,0.3,31.234
1406,0.653,0,0.413,0.3,31.073
1407,0.663,0,0.413,0.3,31.636
1408,0.674,0,0.413,0.3,31.476
1409,0.684,0,0.413,0.3,32.683
1410,0.695,0,0.413,0.3,32.039
1411,0.705,0,0.413,0.3,32.441
1412,0.716,0,0.413,0.3,32.764
1413,0.726,0,0.413,0.3,31.073
1414,0.737,0,0.413,0.3,31.717
1415,0.747,0,0.413,0.3,30.59
1416,0.758,0,0.413,0.3,28.417
1417,0.768,0,0.413,0.3,27.209
1418,0.779,0,0.413,0.3,28.094
1419,0.789,0,0.413,0.3,27.209
1420,0.8,0,0.413,0.3,27.853
1421,0.811,0,0.413,0.3,27.853
1422,0.821,0,0.413,0.3,29.06
1423,0.832,0,0.413,0.3,29.785
1424,0.842,0,0.413,0.3,29.382
1425,0.853,0,0.413,0.3,29.624
1426,0.863,0,0.413,0.3,29.382
1427,0.874,0,0.413,0.3,29.865
1428,0.884,0,0.413,0.3,27.611
1429,0.895,0,0.413,0.3,27.37
1430,0.905,0,0.413,0.3,25.921
1431,0.916,0,0.413,0.3,25.277
1432,0.926,0,0.413,0.3,24.069
1433,0.937,0,0.413,0.3,22.942
1434,0.947,0,0.413,0.3,21.493
1435,0.958,0,0.413,0.3,20.447
1436,0.968,0,0.413,0.3,20.608
1437,0.979,0,0.413,0.3,21.654
1438,0.989,0,0.413,0.3,22.621
1439,1,0,0.413,0.3,23.264
1440,0,0,0.601,0.29,22.057
1441,0.011,0,0.601,0.29,22.137
1442,0.021,0,0.601,0.29,21.896
1443,0.032,0,0.601,0.29,20.688
1444,0.042,0,0.601,0.29,20.366
1445,0.053,0,0.601,0.29,20.93
1446,0.063,0,0.601,0.29,21.01
1447,0.074,0,0.601,0.29,20.688
1448,0.084,0,0.601,0.29,19.079
1449,0.095,0,0.601,0.29,19.4
1450,0.105,0,0.601,0.29,18.757
1451,0.116,0,0.601,0.29,18.595
1452,0.126,0,0.601,0.29,18.917
1453,0.137,0,0.601,0.29,18.112
1454,0.147,0,0.601,0.29,18.354
1455,0.158,0,0.601,0.29,16.744
1456,0.168,0,0.601,0.29,16.663
1457,0.179,0,0.601,0.29,16.663
1458,0.189,0,0.601,0.29,16.905
1459,0.2,0,0.601,0.29,16.1
1460,0.211,0,0.601,0.29,15.536
1461,0.221,0,0.601,0.29,15.698
1462,0.232,0,0.601,0.29,15.536
1463,0.242,0,0.601,0.29,16.02
1464,0.253,0,0.601,0.29,16.02
1465,0.263,0,0.601,0.29,16.824
1466,0.274,0,0.601,0.29,17.227
1467,0.284,0,0.601,0.29,18.998
1468,0.295,0,0.601,0.29,19.722
1469,0.305,0,0.601,0.29,20.447
1470,0.316,0,0.601,0.29,22.137
1471,0.326,0,0.601,0.29,23.104
1472,0.337,0,0.601,0.29,24.794
1473,0.347,0,0.601,0.29,28.175
1474,0.358,0,0.601,0.29,30.751
1475,0.368,0,0.601,0.29,31.958
1476,0.379,0,0.601,0.29,33.327
1477,0.389,0,0.601,0.29,32.924
1478,0.4,0,0.601,0.29,32.28
1479,0.411,0,0.601,0.29,32.683
1480,0.421,0,0.601,0.29,32.844
1481,0.432,0,0.601,0.29,33.649
1482,0.442,0,0.601,0.29,33.971
1483,0.453,0,0.601,0.29,33.81
1484,0.463,0,0.601,0.29,33.81
1485,0.474,0,0.601,0.29,35.42
1486,0.484,0,0.601,0.29,35.259
1487,0.495,0,0.601,0.29,33.408
1488,0.505,0,0.601,0.29,25.116
1489,0.516,0,0.601,0.29,23.506
1490,0.526,0,0.601,0.29,23.667
1491,0.537,0,0.601,0.29,23.989
1492,0.547,0,0.601,0.29,24.875
1493,0.558,0,0.601,0.29,26.887
1494,0.568,0,0.601,0.29,28.014
1495,0.579,0,0.601,0.29,30.429
1496,0.589,0,0.601,0.29,31.314
1497,0.6,0,0.601,0.29,31.314
1498,0.611,0,0.601,0.29,31.073
1499,0.621,0,0.601,0.29,31.958
1500,0.632,0,0.601,0.29,30.831
1501,0.642,0,0.601,0.29,31.636
1502,0.653,0,0.601,0.29,32.28
1503,0.663,0,0.601,0.29,32.119
1504,0.674,0,0.601,0.29,32.039
1505,0.684,0,0.601,0.29,32.2
1506,0.695,0,0.601,0.29,31.878
1507,0.705,0,0.601,0.29,32.603
1508,0.716,0,0.601,0.29,32.844
1509,0.726,0,0.601,0.29,32.2
1510,0.737,0,0.601,0.29,31.314
1511,0.747,0,0.601,0.29,30.107
1512,0.758,0,0.601,0.29,28.899
1513,0.768,0,0.601,0.29,27.934
1514,0.779,0,0.601,0.29,27.853
1515,0.789,0,0.601,0.29,27.772
1516,0.8,0,0.601,0.29,27.934
1517,0.811,0,0.601,0.29,28.577
1518,0.821,0,0.601,0.29,28.98
1519,0.832,0,0.601,0.29,29.624
1520,0.842,0,0.601,0.29,28.577
1521,0.853,0,0.601,0.29,28.175
1522,0.863,0,0.601,0.29,28.255
1523,0.874,0,0.601,0.29,27.531
1524,0.884,0,0.601,0.29,26.001
1525,0.895,0,0.601,0.29,25.518
1526,0.905,0,0.601,0.29,24.472
1527,0.916,0,0.601,0.29,23.345
1528,0.926,0,0.601,0.29,22.942
1529,0.937,0,0.601,0.29,21.171
1530,0.947,0,0.601,0.29,19.481
1531,0.958,0,0.601,0.29,19.642
1532,0.968,0,0.601,0.29,18.434
1533,0.979,0,0.601,0.29,19.562
1534,0.989,0,0.601,0.29,20.366
1535,1,0,0.601,0.29,20.688
1536,0,0,0.457,0.52,20.769
1537,0.011,0,0.457,0.52,20.125
1538,0.021,0,0.457,0.52,20.205
1539,0.032,0,0.457,0.52,18.757
1540,0.042,0,0.457,0.52,19.883
1541,0.053,0,0.457,0.52,19.4
1542,0.063,0,0.457,0.52,18.274
1543,0.074,0,0.457,0.52,19.24
1544,0.084,0,0.457,0.52,18.998
1545,0.095,0,0.457,0.52,18.917
1546,0.105,0,0.457,0.52,18.193
1547,0.116,0,0.457,0.52,17.066
1548,0.126,0,0.457,0.52,17.066
1549,0.137,0,0.457,0.52,16.422
1550,0.147,0,0.457,0.52,15.698
1551,0.158,0,0.457,0.52,16.341
1552,0.168,0,0.457,0.52,15.698
1553,0.179,0,0.457,0.52,15.134
1554,0.189,0,0.457,0.52,14.892
1555,0.2,0,0.457,0.52,15.134
1556,0.211,0,0.457,0.52,15.214
1557,0.221,0,0.457,0.52,15.295
1558,0.232,0,0.457,0.52,15.375
1559,0.242,0,0.457,0.52,15.456
1560,0.253,0,0.457,0.52,15.698
1561,0.263,0,0.457,0.52,16.341
1562,0.274,0,0.457,0.52,16.905
1563,0.284,0,0.457,0.52,17.307
1564,0.295,0,0.457,0.52,18.354
1565,0.305,0,0.457,0.52,19.883
1566,0.316,0,0.457,0.52,20.688
1567,0.326,0,0.457,0.52,22.137
1568,0.337,0,0.457,0.52,25.921
1569,0.347,0,0.457,0.52,27.692
1570,0.358,0,0.457,0.52,30.026
1571,0.368,0,0.457,0.52,31.073
1572,0.379,0,0.457,0.52,31.153
1573,0.389,0,0.457,0.52,31.556
1574,0.4,0,0.457,0.52,33.488
1575,0.411,0,0.457,0.52,33.246
1576,0.421,0,0.457,0.52,33.729
1577,0.432,0,0.457,0.52,34.374
1578,0.442,0,0.457,0.52,33.327
1579,0.453,0,0.457,0.52,33.729
1580,0.463,0,0.457,0.52,35.259
1581,0.474,0,0.457,0.52,36.145
1582,0.484,0,0.457,0.52,36.225
1583,0.495,0,0.457,0.52,33.327
1584,0.505,0,0.457,0.52,26.887
1585,0.516,0,0.457,0.52,24.472
1586,0.526,0,0.457,0.52,24.955
1587,0.537,0,0.457,0.52,24.794
1588,0.547,0,0.457,0.52,25.921
1589,0.558,0,0.457,0.52,27.853
1590,0.568,0,0.457,0.52,30.348
1591,0.579,0,0.457,0.52,30.188
1592,0.589,0,0.457,0.52,30.026
1593,0.6,0,0.457,0.52,30.429
1594,0.611,0,0.457,0.52,31.314
1595,0.621,0,0.457,0.52,30.67
1596,0.632,0,0.457,0.52,30.67
1597,0.642,0,0.457,0.52,31.395
1598,0.653,0,0.457,0.52,31.798
1599,0.663,0,0.457,0.52,31.798
1600,0.674,0,0.457,0.52,31.556
1601,0.684,0,0.457,0.52,31.395
1602,0.695,0,0.457,0.52,32.039
1603,0.705,0,0.457,0.52,31.234
1604,0.716,0,0.457,0.52,31.314
1605,0.726,0,0.457,0.52,31.476
1606,0.737,0,0.457,0.52,31.234
1607,0.747,0,0.457,0.52,30.59
1608,0.758,0,0.457,0.52,28.255
1609,0.768,0,0.457,0.52,26.243
1610,0.779,0,0.457,0.52,27.451
1611,0.789,0,0.457,0.52,27.934
1612,0.8,0,0.457,0.52,28.417
1613,0.811,0,0.457,0.52,28.014
1614,0.821,0,0.457,0.52,28.658
1615,0.832,0,0.457,0.52,28.658
1616,0.842,0,0.457,0.52,28.094
1617,0.853,0,0.457,0.52,28.014
1618,0.863,0,0.457,0.52,28.255
1619,0.874,0,0.457,0.52,27.692
1620,0.884,0,0.457,0.52,27.451
1621,0.895,0,0.457,0.52,26.323
1622,0.905,0,0.457,0.52,25.84
1623,0.916,0,0.457,0.52,24.875
1624,0.926,0,0.457,0.52,23.506
1625,0.937,0,0.457,0.52,23.023
1626,0.947,0,0.457,0.52,21.735
1627,0.958,0,0.457,0.52,20.85
1628,0.968,0,0.457,0.52,19.964
1629,0.979,0,0.457,0.52,21.091
1630,0.989,0,0.457,0.52,21.252
1631,1,0,0.457,0.52,22.299
1632,0,0,0.841,0.05,21.816
1633,0.011,0,0.841,0.05,22.057
1634,0.021,0,0.841,0.05,21.413
1635,0.032,0,0.841,0.05,20.205
1636,0.042,0,0.841,0.05,19.481
1637,0.053,0,0.841,0.05,18.515
1638,0.063,0,0.841,0.05,19.159
1639,0.074,0,0.841,0.05,20.205
1640,0.084,0,0.841,0.05,19.883
1641,0.095,0,0.841,0.05,19.562
1642,0.105,0,0.841,0.05,18.595
1643,0.116,0,0.841,0.05,19.481
1644,0.126,0,0.841,0.05,19.079
1645,0.137,0,0.841,0.05,18.112
1646,0.147,0,0.841,0.05,16.744
1647,0.158,0,0.841,0.05,16.905
1648,0.168,0,0.841,0.05,16.422
1649,0.179,0,0.841,0.05,16.583
1650,0.189,0,0.841,0.05,16.181
1651,0.2,0,0.841,0.05,15.698
1652,0.211,0,0.841,0.05,15.054
1653,0.221,0,0.841,0.05,16.503
1654,0.232,0,0.841,0.05,15.698
1655,0.242,0,0.841,0.05,15.778
1656,0.253,0,0.841,0.05,16.663
1657,0.263,0,0.841,0.05,17.307
1658,0.274,0,0.841,0.05,17.146
1659,0.284,0,0.841,0.05,19.481
1660,0.295,0,0.841,0.05,20.125
1661,0.305,0,0.841,0.05,20.93
1662,0.316,0,0.841,0.05,22.379
1663,0.326,0,0.841,0.05,23.747
1664,0.337,0,0.841,0.05,25.68
1665,0.347,0,0.841,0.05,29.06
1666,0.358,0,0.841,0.05,30.51
1667,0.368,0,0.841,0.05,32.119
1668,0.379,0,0.841,0.05,32.764
1669,0.389,0,0.841,0.05,33.005
1670,0.4,0,0.841,0.05,33.89
1671,0.411,0,0.841,0.05,33.569
1672,0.421,0,0.841,0.05,33.971
1673,0.432,0,0.841,0.05,34.776
1674,0.442,0,0.841,0.05,34.776
1675,0.453,0,0.841,0.05,36.306
1676,0.463,0,0.841,0.05,35.581
1677,0.474,0,0.841,0.05,36.306
1678,0.484,0,0.841,0.05,36.064
1679,0.495,0,0.841,0.05,33.569
1680,0.505,0,0.841,0.05,26.968
1681,0.516,0,0.841,0.05,24.069
1682,0.526,0,0.841,0.05,24.633
1683,0.537,0,0.841,0.05,25.196
1684,0.547,0,0.841,0.05,26.163
1685,0.558,0,0.841,0.05,29.141
1686,0.568,0,0.841,0.05,31.314
1687,0.579,0,0.841,0.05,32.924
1688,0.589,0,0.841,0.05,33.327
1689,0.6,0,0.841,0.05,32.683
1690,0.611,0,0.841,0.05,32.924
1691,0.621,0,0.841,0.05,32.441
1692,0.632,0,0.841,0.05,32.844
1693,0.642,0,0.841,0.05,31.395
1694,0.653,0,0.841,0.05,32.764
1695,0.663,0,0.841,0.05,32.039
1696,0.674,0,0.841,0.05,32.764
1697,0.684,0,0.841,0.05,31.395
1698,0.695,0,0.841,0.05,32.683
1699,0.705,0,0.841,0.05,32.28
1700,0.716,0,0.841,0.05,31.878
1701,0.726,0,0.841,0.05,31.958
1702,0.737,0,0.841,0.05,30.59
1703,0.747,0,0.841,0.05,29.382
1704,0.758,0,0.841,0.05,26.726
1705,0.768,0,0.841,0.05,26.806
1706,0.779,0,0.841,0.05,26.646
1707,0.789,0,0.841,0.05,27.289
1708,0.8,0,0.841,0.05,26.887
1709,0.811,0,0.841,0.05,28.417
1710,0.821,0,0.841,0.05,28.658
1711,0.832,0,0.841,0.05,29.705
1712,0.842,0,0.841,0.05,29.222
1713,0.853,0,0.841,0.05,29.06
1714,0.863,0,0.841,0.05,29.302
1715,0.874,0,0.841,0.05,28.98
1716,0.884,0,0.841,0.05,29.141
1717,0.895,0,0.841,0.05,27.048
1718,0.905,0,0.841,0.05,27.611
1719,0.916,0,0.841,0.05,25.921
1720,0.926,0,0.841,0.05,23.828
1721,0.937,0,0.841,0.05,23.023
1722,0.947,0,0.841,0.05,21.976
1723,0.958,0,0.841,0.05,21.333
1724,0.968,0,0.841,0.05,18.998
1725,0.979,0,0.841,0.05,20.366
1726,0.989,0,0.841,0.05,21.171
1727,1,0,0.841,0.05,22.299
1728,0,1,0.833,0.49,23.506
1729,0.011,1,0.833,0.49,21.976
1730,0.021,1,0.833,0.49,22.218
1731,0.032,1,0.833,0.49,19.964
1732,0.042,1,0.833,0.49,20.688
1733,0.053,1,0.833,0.49,22.299
1734,0.063,1,0.833,0.49,20.608
1735,0.074,1,0.833,0.49,21.896
1736,0.084,1,0.833,0.49,20.125
1737,0.095,1,0.833,0.49,21.413
1738,0.105,1,0.833,0.49,20.608
1739,0.116,1,0.833,0.49,20.93
1740,0.126,1,0.833,0.49,19.722
1741,0.137,1,0.833,0.49,20.286
1742,0.147,1,0.833,0.49,20.125
1743,0.158,1,0.833,0.49,19.24
1744,0.168,1,0.833,0.49,18.032
1745,0.179,1,0.833,0.49,17.388
1746,0.189,1,0.833,0.49,17.871
1747,0.2,1,0.833,0.49,16.503
1748,0.211,1,0.833,0.49,17.549
1749,0.221,1,0.833,0.49,17.227
1750,0.232,1,0.833,0.49,16.824
1751,0.242,1,0.833,0.49,17.146
1752,0.253,1,0.833,0.49,16.986
1753,0.263,1,0.833,0.49,17.307
1754,0.274,1,0.833,0.49,18.193
1755,0.284,1,0.833,0.49,19.24
1756,0.295,1,0.833,0.49,20.045
1757,0.305,1,0.833,0.49,21.01
1758,0.316,1,0.833,0.49,22.057
1759,0.326,1,0.833,0.49,23.264
1760,0.337,1,0.833,0.49,26.082
1761,0.347,1,0.833,0.49,30.751
1762,0.358,1,0.833,0.49,31.717
1763,0.368,1,0.833,0.49,32.441
1764,0.379,1,0.833,0.49,33.246
1765,0.389,1,0.833,0.49,33.649
1766,0.4,1,0.833,0.49,33.166
1767,0.411,1,0.833,0.49,34.937
1768,0.421,1,0.833,0.49,35.34
1769,0.432,1,0.833,0.49,34.695
1770,0.442,1,0.833,0.49,35.661
1771,0.453,1,0.833,0.49,35.742
1772,0.463,1,0.833,0.49,35.42
1773,0.474,1,0.833,0.49,37.432
1774,0.484,1,0.833,0.49,37.835
1775,0.495,1,0.833,0.49,34.615
1776,0.505,1,0.833,0.49,28.094
1777,0.516,1,0.833,0.49,25.68
1778,0.526,1,0.833,0.49,25.116
1779,0.537,1,0.833,0.49,25.518
1780,0.547,1,0.833,0.49,27.048
1781,0.558,1,0.833,0.49,28.175
1782,0.568,1,0.833,0.49,30.268
1783,0.579,1,0.833,0.49,31.234
1784,0.589,1,0.833,0.49,31.798
1785,0.6,1,0.833,0.49,32.2
1786,0.611,1,0.833,0.49,32.28
1787,0.621,1,0.833,0.49,31.958
1788,0.632,1,0.833,0.49,31.636
1789,0.642,1,0.833,0.49,32.361
1790,0.653,1,0.833,0.49,32.522
1791,0.663,1,0.833,0.49,33.085
1792,0.674,1,0.833,0.49,32.28
1793,0.684,1,0.833,0.49,31.878
1794,0.695,1,0.833,0.49,32.924
1795,0.705,1,0.833,0.49,32.28
1796,0.716,1,0.833,0.49,30.993
1797,0.726,1,0.833,0.49,31.314
1798,0.737,1,0.833,0.49,32.28
1799,0.747,1,0.833,0.49,29.785
1800,0.758,1,0.833,0.49,28.98
1801,0.768,1,0.833,0.49,27.531
1802,0.779,1,0.833,0.49,28.255
1803,0.789,1,0.833,0.49,28.336
1804,0.8,1,0.833,0.49,27.531
1805,0.811,1,0.833,0.49,28.255
1806,0.821,1,0.833,0.49,29.141
1807,0.832,1,0.833,0.49,29.382
1808,0.842,1,0.833,0.49,28.739
1809,0.853,1,0.833,0.49,28.739
1810,0.863,1,0.833,0.49,29.141
1811,0.874,1,0.833,0.49,27.611
1812,0.884,1,0.833,0.49,26.082
1813,0.895,1,0.833,0.49,25.84
1814,0.905,1,0.833,0.49,25.599
1815,0.916,1,0.833,0.49,23.909
1816,0.926,1,0.833,0.49,23.909
1817,0.937,1,0.833,0.49,22.137
1818,0.947,1,0.833,0.49,21.01
1819,0.958,1,0.833,0.49,20.688
1820,0.968,1,0.833,0.49,20.447
1821,0.979,1,0.833,0.49,20.447
1822,0.989,1,0.833,0.49,19.964
1823,1,1,0.833,0.49,21.333
1824,0,1,0.928,0.72,21.091
1825,0.011,1,0.928,0.72,21.252
1826,0.021,1,0.928,0.72,20.447
1827,0.032,1,0.928,0.72,19.883
1828,0.042,1,0.928,0.72,20.608
1829,0.053,1,0.928,0.72,21.413
1830,0.063,1,0.928,0.72,19.159
1831,0.074,1,0.928,0.72,19.24
1832,0.084,1,0.928,0.72,19.481
1833,0.095,1,0.928,0.72,19.079
1834,0.105,1,0.928,0.72,18.998
1835,0.116,1,0.928,0.72,19.4
1836,0.126,1,0.928,0.72,19.481
1837,0.137,1,0.928,0.72,18.193
1838,0.147,1,0.928,0.72,18.434
1839,0.158,1,0.928,0.72,17.469
1840,0.168,1,0.928,0.72,16.824
1841,0.179,1,0.928,0.72,16.503
1842,0.189,1,0.928,0.72,16.261
1843,0.2,1,0.928,0.72,16.583
1844,0.211,1,0.928,0.72,16.1
1845,0.221,1,0.928,0.72,16.583
1846,0.232,1,0.928,0.72,15.456
1847,0.242,1,0.928,0.72,16.02
1848,0.253,1,0.928,0.72,16.583
1849,0.263,1,0.928,0.72,17.791
1850,0.274,1,0.928,0.72,17.469
1851,0.284,1,0.928,0.72,18.676
1852,0.295,1,0.928,0.72,19.079
1853,0.305,1,0.928,0.72,19.803
1854,0.316,1,0.928,0.72,20.769
1855,0.326,1,0.928,0.72,21.574
1856,0.337,1,0.928,0.72,24.794
1857,0.347,1,0.928,0.72,28.094
1858,0.358,1,0.928,0.72,30.268
1859,0.368,1,0.928,0.72,30.59
1860,0.379,1,0.928,0.72,30.993
1861,0.389,1,0.928,0.72,31.878
1862,0.4,1,0.928,0.72,30.831
1863,0.411,1,0.928,0.72,32.039
1864,0.421,1,0.928,0.72,31.798
1865,0.432,1,0.928,0.72,32.28
1866,0.442,1,0.928,0.72,32.603
1867,0.453,1,0.928,0.72,32.603
1868,0.463,1,0.928,0.72,34.293
1869,0.474,1,0.928,0.72,34.213
1870,0.484,1,0.928,0.72,35.259
1871,0.495,1,0.928,0.72,33.408
1872,0.505,1,0.928,0.72,27.289
1873,0.516,1,0.928,0.72,23.184
1874,0.526,1,0.928,0.72,23.828
1875,0.537,1,0.928,0.72,23.345
1876,0.547,1,0.928,0.72,23.506
1877,0.558,1,0.928,0.72,26.887
1878,0.568,1,0.928,0.72,28.658
1879,0.579,1,0.928,0.72,29.382
1880,0.589,1,0.928,0.72,30.107
1881,0.6,1,0.928,0.72,30.831
1882,0.611,1,0.928,0.72,30.993
1883,0.621,1,0.928,0.72,30.993
1884,0.632,1,0.928,0.72,29.222
1885,0.642,1,0.928,0.72,30.107
1886,0.653,1,0.928,0.72,29.543
1887,0.663,1,0.928,0.72,28.658
1888,0.674,1,0.928,0.72,28.417
1889,0.684,1,0.928,0.72,29.543
1890,0.695,1,0.928,0.72,29.06
1891,0.705,1,0.928,0.72,28.819
1892,0.716,1,0.928,0.72,29.463
1893,0.726,1,0.928,0.72,29.06
1894,0.737,1,0.928,0.72,29.222
1895,0.747,1,0.928,0.72,28.417
1896,0.758,1,0.928,0.72,25.599
1897,0.768,1,0.928,0.72,25.438
1898,0.779,1,0.928,0.72,25.518
1899,0.789,1,0.928,0.72,25.116
1900,0.8,1,0.928,0.72,24.311
1901,0.811,1,0.928,0.72,24.713
1902,0.821,1,0.928,0.72,25.358
1903,0.832,1,0.928,0.72,25.518
1904,0.842,1,0.928,0.72,26.243
1905,0.853,1,0.928,0.72,26.968
1906,0.863,1,0.928,0.72,26.726
1907,0.874,1,0.928,0.72,25.68
1908,0.884,1,0.928,0.72,24.713
1909,0.895,1,0.928,0.72,23.989
1910,0.905,1,0.928,0.72,22.54
1911,0.916,1,0.928,0.72,22.218
1912,0.926,1,0.928,0.72,20.93
1913,0.937,1,0.928,0.72,20.608
1914,0.947,1,0.928,0.72,18.998
1915,0.958,1,0.928,0.72,18.676
1916,0.968,1,0.928,0.72,18.434
1917,0.979,1,0.928,0.72,19.4
1918,0.989,1,0.928,0.72,19.642
1919,1,1,0.928,0.72,20.045
1920,0,0,0.645,0.64,19.964
1921,0.011,0,0.645,0.64,18.354
1922,0.021,0,0.645,0.64,18.274
1923,0.032,0,0.645,0.64,18.354
1924,0.042,0,0.645,0.64,17.71
1925,0.053,0,0.645,0.64,18.757
1926,0.063,0,0.645,0.64,18.032
1927,0.074,0,0.645,0.64,18.193
1928,0.084,0,0.645,0.64,15.939
1929,0.095,0,0.645,0.64,17.146
1930,0.105,0,0.645,0.64,18.032
1931,0.116,0,0.645,0.64,16.181
1932,0.126,0,0.645,0.64,15.456
1933,0.137,0,0.645,0.64,16.1
1934,0.147,0,0.645,0.64,15.617
1935,0.158,0,0.645,0.64,15.939
1936,0.168,0,0.645,0.64,15.375
1937,0.179,0,0.645,0.64,15.054
1938,0.189,0,0.645,0.64,15.054
1939,0.2,0,0.645,0.64,15.939
1940,0.211,0,0.645,0.64,15.858
1941,0.221,0,0.645,0.64,15.375
1942,0.232,0,0.645,0.64,14.812
1943,0.242,0,0.645,0.64,15.617
1944,0.253,0,0.645,0.64,15.456
1945,0.263,0,0.645,0.64,17.227
1946,0.274,0,0.645,0.64,17.146
1947,0.284,0,0.645,0.64,18.032
1948,0.295,0,0.645,0.64,19.24
1949,0.305,0,0.645,0.64,19.722
1950,0.316,0,0.645,0.64,19.883
1951,0.326,0,0.645,0.64,21.091
1952,0.337,0,0.645,0.64,25.358
1953,0.347,0,0.645,0.64,27.772
1954,0.358,0,0.645,0.64,29.382
1955,0.368,0,0.645,0.64,31.153
1956,0.379,0,0.645,0.64,31.878
1957,0.389,0,0.645,0.64,32.28
1958,0.4,0,0.645,0.64,33.971
1959,0.411,0,0.645,0.64,33.81
1960,0.421,0,0.645,0.64,34.374
1961,0.432,0,0.645,0.64,34.132
1962,0.442,0,0.645,0.64,34.856
1963,0.453,0,0.645,0.64,35.34
1964,0.463,0,0.645,0.64,35.5
1965,0.474,0,0.645,0.64,36.145
1966,0.484,0,0.645,0.64,36.547
1967,0.495,0,0.645,0.64,36.225
1968,0.505,0,0.645,0.64,29.302
1969,0.516,0,0.645,0.64,26.163
1970,0.526,0,0.645,0.64,27.209
1971,0.537,0,0.645,0.64,26.323
1972,0.547,0,0.645,0.64,27.611
1973,0.558,0,0.645,0.64,29.463
1974,0.568,0,0.645,0.64,31.878
1975,0.579,0,0.645,0.64,32.844
1976,0.589,0,0.645,0.64,32.603
1977,0.6,0,0.645,0.64,32.683
1978,0.611,0,0.645,0.64,33.166
1979,0.621,0,0.645,0.64,33.085
1980,0.632,0,0.645,0.64,32.844
1981,0.642,0,0.645,0.64,32.683
1982,0.653,0,0.645,0.64,32.2
1983,0.663,0,0.645,0.64,32.2
1984,0.674,0,0.645,0.64,32.844
1985,0.684,0,0.645,0.64,32.603
1986,0.695,0,0.645,0.64,33.569
1987,0.705,0,0.645,0.64,34.132
1988,0.716,0,0.645,0.64,34.454
1989,0.726,0,0.645,0.64,34.132
1990,0.737,0,0.645,0.64,33.649
1991,0.747,0,0.645,0.64,33.085
1992,0.758,0,0.645,0.64,31.314
1993,0.768,0,0.645,0.64,30.348
1994,0.779,0,0.645,0.64,30.188
1995,0.789,0,0.645,0.64,29.463
1996,0.8,0,0.645,0.64,29.382
1997,0.811,0,0.645,0.64,30.59
1998,0.821,0,0.645,0.64,30.831
1999,0.832,0,0.645,0.64,30.107
2000,0.842,0,0.645,0.64,29.865
2001,0.853,0,0.645,0.64,29.141
2002,0.863,0,0.645,0.64,28.98
2003,0.874,0,0.645,0.64,27.531
2004,0.884,0,0.645,0.64,27.128
2005,0.895,0,0.645,0.64,26.646
2006,0.905,0,0.645,0.64,25.438
2007,0.916,0,0.645,0.64,24.955
2008,0.926,0,0.645,0.64,22.942
2009,0.937,0,0.645,0.64,22.701
2010,0.947,0,0.645,0.64,20.528
2011,0.958,0,0.645,0.64,19.803
2012,0.968,0,0.645,0.64,20.045
2013,0.979,0,0.645,0.64,20.769
2014,0.989,0,0.645,0.64,22.54
2015,1,0,0.645,0.64,22.299
2016,0,0,0.246,0.53,21.654
2017,0.011,0,0.246,0.53,21.171
2018,0.021,0,0.246,0.53,21.091
2019,0.032,0,0.246,0.53,21.01
2020,0.042,0,0.246,0.53,20.85
2021,0.053,0,0.246,0.53,20.205
2022,0.063,0,0.246,0.53,19.964
2023,0.074,0,0.246,0.53,19.722
2024,0.084,0,0.246,0.53,19.4
2025,0.095,0,0.246,0.53,19.964
2026,0.105,0,0.246,0.53,19.079
2027,0.116,0,0.246,0.53,20.205
2028,0.126,0,0.246,0.53,18.434
2029,0.137,0,0.246,0.53,18.757
2030,0.147,0,0.246,0.53,16.986
2031,0.158,0,0.246,0.53,16.905
2032,0.168,0,0.246,0.53,17.307
2033,0.179,0,0.246,0.53,17.388
2034,0.189,0,0.246,0.53,17.307
2035,0.2,0,0.246,0.53,17.388
2036,0.211,0,0.246,0.53,17.146
2037,0.221,0,0.246,0.53,16.663
2038,0.232,0,0.246,0.53,17.791
2039,0.242,0,0.246,0.53,17.227
2040,0.253,0,0.246,0.53,16.261
2041,0.263,0,0.246,0.53,17.791
2042,0.274,0,0.246,0.53,18.112
2043,0.284,0,0.246,0.53,19.24
2044,0.295,0,0.246,0.53,19.883
2045,0.305,0,0.246,0.53,20.608
2046,0.316,0,0.246,0.53,21.252
2047,0.326,0,0.246,0.53,22.942
2048,0.337,0,0.246,0.53,24.392
2049,0.347,0,0.246,0.53,27.611
2050,0.358,0,0.246,0.53,29.865
2051,0.368,0,0.246,0.53,31.958
2052,0.379,0,0.246,0.53,32.924
2053,0.389,0,0.246,0.53,32.924
2054,0.4,0,0.246,0.53,33.166
2055,0.411,0,0.246,0.53,33.649
2056,0.421,0,0.246,0.53,33.327
2057,0.432,0,0.246,0.53,34.213
2058,0.442,0,0.246,0.53,33.81
2059,0.453,0,0.246,0.53,33.971
2060,0.463,0,0.246,0.53,35.581
2061,0.474,0,0.246,0.53,36.869
2062,0.484,0,0.246,0.53,36.95
2063,0.495,0,0.246,0.53,34.213
2064,0.505,0,0.246,0.53,26.484
2065,0.516,0,0.246,0.53,24.069
2066,0.526,0,0.246,0.53,24.472
2067,0.537,0,0.246,0.53,24.15
2068,0.547,0,0.246,0.53,25.921
2069,0.558,0,0.246,0.53,27.209
2070,0.568,0,0.246,0.53,29.222
2071,0.579,0,0.246,0.53,31.153
2072,0.589,0,0.246,0.53,32.28
2073,0.6,0,0.246,0.53,31.556
2074,0.611,0,0.246,0.53,32.039
2075,0.621,0,0.246,0.53,32.119
2076,0.632,0,0.246,0.53,31.878
2077,0.642,0,0.246,0.53,32.039
2078,0.653,0,0.246,0.53,31.878
2079,0.663,0,0.246,0.53,32.522
2080,0.674,0,0.246,0.53,32.441
2081,0.684,0,0.246,0.53,31.798
2082,0.695,0,0.246,0.53,32.764
2083,0.705,0,0.246,0.53,32.924
2084,0.716,0,0.246,0.53,33.569
2085,0.726,0,0.246,0.53,31.958
2086,0.737,0,0.246,0.53,31.798
2087,0.747,0,0.246,0.53,30.993
2088,0.758,0,0.246,0.53,29.222
2089,0.768,0,0.246,0.53,28.98
2090,0.779,0,0.246,0.53,29.141
2091,0.789,0,0.246,0.53,29.543
2092,0.8,0,0.246,0.53,30.268
2093,0.811,0,0.246,0.53,30.026
2094,0.821,0,0.246,0.53,30.268
2095,0.832,0,0.246,0.53,31.073
2096,0.842,0,0.246,0.53,31.153
2097,0.853,0,0.246,0.53,30.188
2098,0.863,0,0.246,0.53,29.705
2099,0.874,0,0.246,0.53,29.222
2100,0.884,0,0.246,0.53,27.531
2101,0.895,0,0.246,0.53,26.726
2102,0.905,0,0.246,0.53,26.163
2103,0.916,0,0.246,0.53,24.472
2104,0.926,0,0.246,0.53,24.392
2105,0.937,0,0.246,0.53,22.862
2106,0.947,0,0.246,0.53,21.976
2107,0.958,0,0.246,0.53,20.286
2108,0.968,0,0.246,0.53,20.447
2109,0.979,0,0.246,0.53,22.057
2110,0.989,0,0.246,0.53,22.459
2111,1,0,0.246,0.53,23.023
2112,0,0,0.493,0.52,21.654
2113,0.011,0,0.493,0.52,21.574
2114,0.021,0,0.493,0.52,21.735
2115,0.032,0,0.493,0.52,20.447
2116,0.042,0,0.493,0.52,21.413
2117,0.053,0,0.493,0.52,21.252
2118,0.063,0,0.493,0.52,20.205
2119,0.074,0,0.493,0.52,21.091
2120,0.084,0,0.493,0.52,20.608
2121,0.095,0,0.493,0.52,20.205
2122,0.105,0,0.493,0.52,19.24
2123,0.116,0,0.493,0.52,19.964
2124,0.126,0,0.493,0.52,19.32
2125,0.137,0,0.493,0.52,20.286
2126,0.147,0,0.493,0.52,19.32
2127,0.158,0,0.493,0.52,17.951
2128,0.168,0,0.493,0.52,17.549
2129,0.179,0,0.493,0.52,17.951
2130,0.189,0,0.493,0.52,17.791
2131,0.2,0,0.493,0.52,18.595
2132,0.211,0,0.493,0.52,18.515
2133,0.221,0,0.493,0.52,17.227
2134,0.232,0,0.493,0.52,16.905
2135,0.242,0,0.493,0.52,18.515
2136,0.253,0,0.493,0.52,17.307
2137,0.263,0,0.493,0.52,18.837
2138,0.274,0,0.493,0.52,19.722
2139,0.284,0,0.493,0.52,20.769
2140,0.295,0,0.493,0.52,21.574
2141,0.305,0,0.493,0.52,22.781
2142,0.316,0,0.493,0.52,22.701
2143,0.326,0,0.493,0.52,23.425
2144,0.337,0,0.493,0.52,25.116
2145,0.347,0,0.493,0.52,28.739
2146,0.358,0,0.493,0.52,30.188
2147,0.368,0,0.493,0.52,30.751
2148,0.379,0,0.493,0.52,31.717
2149,0.389,0,0.493,0.52,32.522
2150,0.4,0,0.493,0.52,33.166
2151,0.411,0,0.493,0.52,33.246
2152,0.421,0,0.493,0.52,33.408
2153,0.432,0,0.493,0.52,34.374
2154,0.442,0,0.493,0.52,34.776
2155,0.453,0,0.493,0.52,36.145
2156,0.463,0,0.493,0.52,37.352
2157,0.474,0,0.493,0.52,37.674
2158,0.484,0,0.493,0.52,37.755
2159,0.495,0,0.493,0.52,34.856
2160,0.505,0,0.493,0.52,28.014
2161,0.516,0,0.493,0.52,25.277
2162,0.526,0,0.493,0.52,25.518
2163,0.537,0,0.493,0.52,25.518
2164,0.547,0,0.493,0.52,25.76
2165,0.558,0,0.493,0.52,28.175
2166,0.568,0,0.493,0.52,30.268
2167,0.579,0,0.493,0.52,31.395
2168,0.589,0,0.493,0.52,31.717
2169,0.6,0,0.493,0.52,31.073
2170,0.611,0,0.493,0.52,31.476
2171,0.621,0,0.493,0.52,32.28
2172,0.632,0,0.493,0.52,31.395
2173,0.642,0,0.493,0.52,31.636
2174,0.653,0,0.493,0.52,31.395
2175,0.663,0,0.493,0.52,30.429
2176,0.674,0,0.493,0.52,32.28
2177,0.684,0,0.493,0.52,31.476
2178,0.695,0,0.493,0.52,31.798
2179,0.705,0,0.493,0.52,31.958
2180,0.716,0,0.493,0.52,30.993
2181,0.726,0,0.493,0.52,32.683
2182,0.737,0,0.493,0.52,31.234
2183,0.747,0,0.493,0.52,30.59
2184,0.758,0,0.493,0.52,27.451
2185,0.768,0,0.493,0.52,27.451
2186,0.779,0,0.493,0.52,28.417
2187,0.789,0,0.493,0.52,28.577
2188,0.8,0,0.493,0.52,28.175
2189,0.811,0,0.493,0.52,28.739
2190,0.821,0,0.493,0.52,28.577
2191,0.832,0,0.493,0.52,29.141
2192,0.842,0,0.493,0.52,29.06
2193,0.853,0,0.493,0.52,28.658
2194,0.863,0,0.493,0.52,28.497
2195,0.874,0,0.493,0.52,28.336
2196,0.884,0,0.493,0.52,27.209
2197,0.895,0,0.493,0.52,27.37
2198,0.905,0,0.493,0.52,25.196
2199,0.916,0,0.493,0.52,24.23
2200,0.926,0,0.493,0.52,23.506
2201,0.937,0,0.493,0.52,22.701
2202,0.947,0,0.493,0.52,22.459
2203,0.958,0,0.493,0.52,20.447
2204,0.968,0,0.493,0.52,20.447
2205,0.979,0,0.493,0.52,20.608
2206,0.989,0,0.493,0.52,21.171
2207,1,0,0.493,0.52,21.976
2208,0,0,0.507,0.39,21.896
2209,0.011,0,0.507,0.39,22.54
2210,0.021,0,0.507,0.39,21.574
2211,0.032,0,0.507,0.39,20.688
2212,0.042,0,0.507,0.39,20.688
2213,0.053,0,0.507,0.39,21.252
2214,0.063,0,0.507,0.39,20.769
2215,0.074,0,0.507,0.39,20.688
2216,0.084,0,0.507,0.39,20.93
2217,0.095,0,0.507,0.39,20.85
2218,0.105,0,0.507,0.39,19.642
2219,0.116,0,0.507,0.39,19.4
2220,0.126,0,0.507,0.39,20.286
2221,0.137,0,0.507,0.39,19.883
2222,0.147,0,0.507,0.39,18.757
2223,0.158,0,0.507,0.39,17.871
2224,0.168,0,0.507,0.39,17.469
2225,0.179,0,0.507,0.39,17.227
2226,0.189,0,0.507,0.39,17.307
2227,0.2,0,0.507,0.39,16.422
2228,0.211,0,0.507,0.39,16.986
2229,0.221,0,0.507,0.39,15.939
2230,0.232,0,0.507,0.39,16.341
2231,0.242,0,0.507,0.39,16.663
2232,0.253,0,0.507,0.39,17.307
2233,0.263,0,0.507,0.39,17.388
2234,0.274,0,0.507,0.39,17.066
2235,0.284,0,0.507,0.39,19.964
2236,0.295,0,0.507,0.39,20.205
2237,0.305,0,0.507,0.39,21.493
2238,0.316,0,0.507,0.39,22.057
2239,0.326,0,0.507,0.39,22.621
2240,0.337,0,0.507,0.39,25.68
2241,0.347,0,0.507,0.39,29.785
2242,0.358,0,0.507,0.39,31.153
2243,0.368,0,0.507,0.39,33.246
2244,0.379,0,0.507,0.39,33.005
2245,0.389,0,0.507,0.39,33.89
2246,0.4,0,0.507,0.39,34.374
2247,0.411,0,0.507,0.39,33.246
2248,0.421,0,0.507,0.39,34.695
2249,0.432,0,0.507,0.39,33.971
2250,0.442,0,0.507,0.39,34.776
2251,0.453,0,0.507,0.39,35.5
2252,0.463,0,0.507,0.39,36.466
2253,0.474,0,0.507,0.39,37.755
2254,0.484,0,0.507,0.39,36.708
2255,0.495,0,0.507,0.39,34.213
2256,0.505,0,0.507,0.39,27.37
2257,0.516,0,0.507,0.39,23.909
2258,0.526,0,0.507,0.39,24.069
2259,0.537,0,0.507,0.39,25.76
2260,0.547,0,0.507,0.39,26.887
2261,0.558,0,0.507,0.39,27.451
2262,0.568,0,0.507,0.39,30.107
2263,0.579,0,0.507,0.39,31.798
2264,0.589,0,0.507,0.39,32.683
2265,0.6,0,0.507,0.39,33.488
2266,0.611,0,0.507,0.39,32.603
2267,0.621,0,0.507,0.39,31.798
2268,0.632,0,0.507,0.39,33.085
2269,0.642,0,0.507,0.39,32.119
2270,0.653,0,0.507,0.39,33.569
2271,0.663,0,0.507,0.39,32.441
2272,0.674,0,0.507,0.39,32.28
2273,0.684,0,0.507,0.39,31.395
2274,0.695,0,0.507,0.39,32.039
2275,0.705,0,0.507,0.39,32.119
2276,0.716,0,0.507,0.39,32.683
2277,0.726,0,0.507,0.39,32.764
2278,0.737,0,0.507,0.39,33.327
2279,0.747,0,0.507,0.39,31.314
2280,0.758,0,0.507,0.39,29.141
2281,0.768,0,0.507,0.39,28.417
2282,0.779,0,0.507,0.39,28.739
2283,0.789,0,0.507,0.39,29.785
2284,0.8,0,0.507,0.39,28.497
2285,0.811,0,0.507,0.39,28.739
2286,0.821,0,0.507,0.39,29.705
2287,0.832,0,0.507,0.39,30.59
2288,0.842,0,0.507,0.39,30.268
2289,0.853,0,0.507,0.39,30.188
2290,0.863,0,0.507,0.39,30.026
2291,0.874,0,0.507,0.39,30.751
2292,0.884,0,0.507,0.39,29.463
2293,0.895,0,0.507,0.39,27.692
2294,0.905,0,0.507,0.39,26.243
2295,0.916,0,0.507,0.39,25.76
2296,0.926,0,0.507,0.39,24.472
2297,0.937,0,0.507,0.39,23.989
2298,0.947,0,0.507,0.39,22.379
2299,0.958,0,0.507,0.39,21.493
2300,0.968,0,0.507,0.39,21.413
2301,0.979,0,0.507,0.39,22.299
2302,0.989,0,0.507,0.39,21.654
2303,1,0,0.507,0.39,22.057
2304,0,0,0.645,0.22,21.252
2305,0.011,0,0.645,0.22,21.01
2306,0.021,0,0.645,0.22,21.413
2307,0.032,0,0.645,0.22,20.93
2308,0.042,0,0.645,0.22,20.528
2309,0.053,0,0.645,0.22,20.286
2310,0.063,0,0.645,0.22,20.528
2311,0.074,0,0.645,0.22,19.079
2312,0.084,0,0.645,0.22,20.125
2313,0.095,0,0.645,0.22,19.722
2314,0.105,0,0.645,0.22,19.481
2315,0.116,0,0.645,0.22,18.595
2316,0.126,0,0.645,0.22,18.515
2317,0.137,0,0.645,0.22,17.871
2318,0.147,0,0.645,0.22,18.032
2319,0.158,0,0.645,0.22,17.469
2320,0.168,0,0.645,0.22,17.469
2321,0.179,0,0.645,0.22,17.066
2322,0.189,0,0.645,0.22,17.307
2323,0.2,0,0.645,0.22,17.388
2324,0.211,0,0.645,0.22,17.549
2325,0.221,0,0.645,0.22,16.181
2326,0.232,0,0.645,0.22,16.744
2327,0.242,0,0.645,0.22,17.066
2328,0.253,0,0.645,0.22,18.354
2329,0.263,0,0.645,0.22,18.354
2330,0.274,0,0.645,0.22,19.481
2331,0.284,0,0.645,0.22,21.413
2332,0.295,0,0.645,0.22,21.735
2333,0.305,0,0.645,0.22,22.218
2334,0.316,0,0.645,0.22,22.218
2335,0.326,0,0.645,0.22,23.023
2336,0.337,0,0.645,0.22,25.518
2337,0.347,0,0.645,0.22,30.348
2338,0.358,0,0.645,0.22,31.314
2339,0.368,0,0.645,0.22,31.958
2340,0.379,0,0.645,0.22,33.166
2341,0.389,0,0.645,0.22,34.454
2342,0.4,0,0.645,0.22,33.327
2343,0.411,0,0.645,0.22,34.293
2344,0.421,0,0.645,0.22,33.649
2345,0.432,0,0.645,0.22,34.615
2346,0.442,0,0.645,0.22,35.259
2347,0.453,0,0.645,0.22,36.547
2348,0.463,0,0.645,0.22,36.95
2349,0.474,0,0.645,0.22,37.835
2350,0.484,0,0.645,0.22,37.674
2351,0.495,0,0.645,0.22,34.776
2352,0.505,0,0.645,0.22,27.289
2353,0.516,0,0.645,0.22,25.438
2354,0.526,0,0.645,0.22,25.358
2355,0.537,0,0.645,0.22,25.599
2356,0.547,0,0.645,0.22,28.094
2357,0.558,0,0.645,0.22,28.98
2358,0.568,0,0.645,0.22,31.073
2359,0.579,0,0.645,0.22,30.59
2360,0.589,0,0.645,0.22,32.039
2361,0.6,0,0.645,0.22,31.234
2362,0.611,0,0.645,0.22,31.636
2363,0.621,0,0.645,0.22,32.441
2364,0.632,0,0.645,0.22,30.912
2365,0.642,0,0.645,0.22,30.348
2366,0.653,0,0.645,0.22,31.556
2367,0.663,0,0.645,0.22,31.476
2368,0.674,0,0.645,0.22,32.2
2369,0.684,0,0.645,0.22,31.556
2370,0.695,0,0.645,0.22,32.361
2371,0.705,0,0.645,0.22,32.924
2372,0.716,0,0.645,0.22,33.246
2373,0.726,0,0.645,0.22,32.764
2374,0.737,0,0.645,0.22,32.119
2375,0.747,0,0.645,0.22,31.717
2376,0.758,0,0.645,0.22,27.692
2377,0.768,0,0.645,0.22,25.518
2378,0.779,0,0.645,0.22,25.76
2379,0.789,0,0.645,0.22,27.048
2380,0.8,0,0.645,0.22,27.209
2381,0.811,0,0.645,0.22,27.692
2382,0.821,0,0.645,0.22,28.577
2383,0.832,0,0.645,0.22,28.658
2384,0.842,0,0.645,0.22,29.382
2385,0.853,0,0.645,0.22,29.865
2386,0.863,0,0.645,0.22,29.865
2387,0.874,0,0.645,0.22,28.577
2388,0.884,0,0.645,0.22,28.175
2389,0.895,0,0.645,0.22,27.37
2390,0.905,0,0.645,0.22,26.806
2391,0.916,0,0.645,0.22,25.035
2392,0.926,0,0.645,0.22,24.713
2393,0.937,0,0.645,0.22,23.587
2394,0.947,0,0.645,0.22,23.023
2395,0.958,0,0.645,0.22,21.654
2396,0.968,0,0.645,0.22,19.562
2397,0.979,0,0.645,0.22,22.137
2398,0.989,0,0.645,0.22,21.493
2399,1,0,0.645,0.22,22.781
2400,0,1,0.406,0.45,22.621
2401,0.011,1,0.406,0.45,22.781
2402,0.021,1,0.406,0.45,22.459
2403,0.032,1,0.406,0.45,20.205
2404,0.042,1,0.406,0.45,20.447
2405,0.053,1,0.406,0.45,19.883
2406,0.063,1,0.406,0.45,20.125
2407,0.074,1,0.406,0.45,19.883
2408,0.084,1,0.406,0.45,19.642
2409,0.095,1,0.406,0.45,18.917
2410,0.105,1,0.406,0.45,19.32
2411,0.116,1,0.406,0.45,20.125
2412,0.126,1,0.406,0.45,18.676
2413,0.137,1,0.406,0.45,19.32
2414,0.147,1,0.406,0.45,18.515
2415,0.158,1,0.406,0.45,17.791
2416,0.168,1,0.406,0.45,17.227
2417,0.179,1,0.406,0.45,17.469
2418,0.189,1,0.406,0.45,17.066
2419,0.2,1,0.406,0.45,16.663
2420,0.211,1,0.406,0.45,15.698
2421,0.221,1,0.406,0.45,15.295
2422,0.232,1,0.406,0.45,15.536
2423,0.242,1,0.406,0.45,15.617
2424,0.253,1,0.406,0.45,16.422
2425,0.263,1,0.406,0.45,17.388
2426,0.274,1,0.406,0.45,17.629
2427,0.284,1,0.406,0.45,18.757
2428,0.295,1,0.406,0.45,20.045
2429,0.305,1,0.406,0.45,21.333
2430,0.316,1,0.406,0.45,21.574
2431,0.326,1,0.406,0.45,22.218
2432,0.337,1,0.406,0.45,25.277
2433,0.347,1,0.406,0.45,28.336
2434,0.358,1,0.406,0.45,30.67
2435,0.368,1,0.406,0.45,31.798
2436,0.379,1,0.406,0.45,32.361
2437,0.389,1,0.406,0.45,32.844
2438,0.4,1,0.406,0.45,32.603
2439,0.411,1,0.406,0.45,32.603
2440,0.421,1,0.406,0.45,32.924
2441,0.432,1,0.406,0.45,34.051
2442,0.442,1,0.406,0.45,34.374
2443,0.453,1,0.406,0.45,33.649
2444,0.463,1,0.406,0.45,35.179
2445,0.474,1,0.406,0.45,36.064
2446,0.484,1,0.406,0.45,35.742
2447,0.495,1,0.406,0.45,33.81
2448,0.505,1,0.406,0.45,26.565
2449,0.516,1,0.406,0.45,24.472
2450,0.526,1,0.406,0.45,24.15
2451,0.537,1,0.406,0.45,24.875
2452,0.547,1,0.406,0.45,26.082
2453,0.558,1,0.406,0.45,28.175
2454,0.568,1,0.406,0.45,28.98
2455,0.579,1,0.406,0.45,30.348
2456,0.589,1,0.406,0.45,30.993
2457,0.6,1,0.406,0.45,30.912
2458,0.611,1,0.406,0.45,31.073
2459,0.621,1,0.406,0.45,29.865
2460,0.632,1,0.406,0.45,30.429
2461,0.642,1,0.406,0.45,30.51
2462,0.653,1,0.406,0.45,31.073
2463,0.663,1,0.406,0.45,30.51
2464,0.674,1,0.406,0.45,32.119
2465,0.684,1,0.406,0.45,31.234
2466,0.695,1,0.406,0.45,30.912
2467,0.705,1,0.406,0.45,30.912
2468,0.716,1,0.406,0.45,32.039
2469,0.726,1,0.406,0.45,30.268
2470,0.737,1,0.406,0.45,30.026
2471,0.747,1,0.406,0.45,29.463
2472,0.758,1,0.406,0.45,26.243
2473,0.768,1,0.406,0.45,25.599
2474,0.779,1,0.406,0.45,26.646
2475,0.789,1,0.406,0.45,27.289
2476,0.8,1,0.406,0.45,26.404
2477,0.811,1,0.406,0.45,27.128
2478,0.821,1,0.406,0.45,28.577
2479,0.832,1,0.406,0.45,28.497
2480,0.842,1,0.406,0.45,28.819
2481,0.853,1,0.406,0.45,28.899
2482,0.863,1,0.406,0.45,28.98
2483,0.874,1,0.406,0.45,27.853
2484,0.884,1,0.406,0.45,27.37
2485,0.895,1,0.406,0.45,26.565
2486,0.905,1,0.406,0.45,25.68
2487,0.916,1,0.406,0.45,24.311
2488,0.926,1,0.406,0.45,23.264
2489,0.937,1,0.406,0.45,23.264
2490,0.947,1,0.406,0.45,21.816
2491,0.958,1,0.406,0.45,20.447
2492,0.968,1,0.406,0.45,18.998
2493,0.979,1,0.406,0.45,20.688
2494,0.989,1,0.406,0.45,20.688
2495,1,1,0.406,0.45,21.01
2496,0,1,0.558,0.38,20.93
2497,0.011,1,0.558,0.38,19.883
2498,0.021,1,0.558,0.38,20.045
2499,0.032,1,0.558,0.38,19.159
2500,0.042,1,0.558,0.38,19.4
2501,0.053,1,0.558,0.38,18.515
2502,0.063,1,0.558,0.38,19.481
2503,0.074,1,0.558,0.38,18.917
2504,0.084,1,0.558,0.38,19.159
2505,0.095,1,0.558,0.38,18.837
2506,0.105,1,0.558,0.38,18.354
2507,0.116,1,0.558,0.38,17.871
2508,0.126,1,0.558,0.38,18.274
2509,0.137,1,0.558,0.38,18.837
2510,0.147,1,0.558,0.38,17.388
2511,0.158,1,0.558,0.38,16.744
2512,0.168,1,0.558,0.38,17.066
2513,0.179,1,0.558,0.38,16.986
2514,0.189,1,0.558,0.38,16.663
2515,0.2,1,0.558,0.38,16.181
2516,0.211,1,0.558,0.38,16.824
2517,0.221,1,0.558,0.38,16.341
2518,0.232,1,0.558,0.38,17.227
2519,0.242,1,0.558,0.38,16.663
2520,0.253,1,0.558,0.38,17.71
2521,0.263,1,0.558,0.38,17.549
2522,0.274,1,0.558,0.38,18.757
2523,0.284,1,0.558,0.38,19.24
2524,0.295,1,0.558,0.38,20.045
2525,0.305,1,0.558,0.38,20.125
2526,0.316,1,0.558,0.38,20.286
2527,0.326,1,0.558,0.38,20.608
2528,0.337,1,0.558,0.38,23.587
2529,0.347,1,0.558,0.38,26.646
2530,0.358,1,0.558,0.38,27.289
2531,0.368,1,0.558,0.38,28.658
2532,0.379,1,0.558,0.38,29.141
2533,0.389,1,0.558,0.38,29.705
2534,0.4,1,0.558,0.38,30.107
2535,0.411,1,0.558,0.38,30.59
2536,0.421,1,0.558,0.38,30.429
2537,0.432,1,0.558,0.38,31.314
2538,0.442,1,0.558,0.38,32.2
2539,0.453,1,0.558,0.38,31.798
2540,0.463,1,0.558,0.38,33.488
2541,0.474,1,0.558,0.38,33.327
2542,0.484,1,0.558,0.38,33.166
2543,0.495,1,0.558,0.38,31.556
2544,0.505,1,0.558,0.38,25.277
2545,0.516,1,0.558,0.38,22.54
2546,0.526,1,0.558,0.38,22.621
2547,0.537,1,0.558,0.38,23.425
2548,0.547,1,0.558,0.38,23.023
2549,0.558,1,0.558,0.38,25.196
2550,0.568,1,0.558,0.38,26.404
2551,0.579,1,0.558,0.38,28.175
2552,0.589,1,0.558,0.38,28.658
2553,0.6,1,0.558,0.38,28.255
2554,0.611,1,0.558,0.38,29.141
2555,0.621,1,0.558,0.38,28.417
2556,0.632,1,0.558,0.38,28.577
2557,0.642,1,0.558,0.38,28.014
2558,0.653,1,0.558,0.38,28.417
2559,0.663,1,0.558,0.38,27.853
2560,0.674,1,0.558,0.38,28.658
2561,0.684,1,0.558,0.38,28.98
2562,0.695,1,0.558,0.38,29.785
2563,0.705,1,0.558,0.38,29.382
2564,0.716,1,0.558,0.38,29.222
2565,0.726,1,0.558,0.38,29.06
2566,0.737,1,0.558,0.38,29.302
2567,0.747,1,0.558,0.38,28.497
2568,0.758,1,0.558,0.38,26.001
2569,0.768,1,0.558,0.38,24.794
2570,0.779,1,0.558,0.38,25.599
2571,0.789,1,0.558,0.38,24.392
2572,0.8,1,0.558,0.38,23.747
2573,0.811,1,0.558,0.38,24.311
2574,0.821,1,0.558,0.38,25.035
2575,0.832,1,0.558,0.38,25.277
2576,0.842,1,0.558,0.38,26.323
2577,0.853,1,0.558,0.38,26.001
2578,0.863,1,0.558,0.38,26.404
2579,0.874,1,0.558,0.38,25.358
2580,0.884,1,0.558,0.38,24.713
2581,0.895,1,0.558,0.38,23.828
2582,0.905,1,0.558,0.38,22.862
2583,0.916,1,0.558,0.38,21.816
2584,0.926,1,0.558,0.38,21.252
2585,0.937,1,0.558,0.38,20.608
2586,0.947,1,0.558,0.38,19.883
2587,0.958,1,0.558,0.38,18.837
2588,0.968,1,0.558,0.38,17.791
2589,0.979,1,0.558,0.38,18.274
2590,0.989,1,0.558,0.38,19.642
2591,1,1,0.558,0.38,19.562
2592,0,0,0.493,0.5,19.159
2593,0.011,0,0.493,0.5,19.4
2594,0.021,0,0.493,0.5,18.434
2595,0.032,0,0.493,0.5,18.434
2596,0.042,0,0.493,0.5,18.515
2597,0.053,0,0.493,0.5,18.274
2598,0.063,0,0.493,0.5,17.388
2599,0.074,0,0.493,0.5,17.146
2600,0.084,0,0.493,0.5,16.744
2601,0.095,0,0.493,0.5,16.663
2602,0.105,0,0.493,0.5,17.066
2603,0.116,0,0.493,0.5,17.307
2604,0.126,0,0.493,0.5,18.112
2605,0.137,0,0.493,0.5,17.469
2606,0.147,0,0.493,0.5,17.066
2607,0.158,0,0.493,0.5,16.181
2608,0.168,0,0.493,0.5,16.422
2609,0.179,0,0.493,0.5,14.812
2610,0.189,0,0.493,0.5,15.456
2611,0.2,0,0.493,0.5,14.973
2612,0.211,0,0.493,0.5,15.456
2613,0.221,0,0.493,0.5,15.134
2614,0.232,0,0.493,0.5,15.617
2615,0.242,0,0.493,0.5,15.778
2616,0.253,0,0.493,0.5,15.698
2617,0.263,0,0.493,0.5,17.469
2618,0.274,0,0.493,0.5,18.354
2619,0.284,0,0.493,0.5,20.205
2620,0.295,0,0.493,0.5,20.608
2621,0.305,0,0.493,0.5,20.366
2622,0.316,0,0.493,0.5,20.688
2623,0.326,0,0.493,0.5,21.333
2624,0.337,0,0.493,0.5,25.438
2625,0.347,0,0.493,0.5,29.141
2626,0.358,0,0.493,0.5,29.785
2627,0.368,0,0.493,0.5,31.878
2628,0.379,0,0.493,0.5,33.166
2629,0.389,0,0.493,0.5,32.844
2630,0.4,0,0.493,0.5,32.924
2631,0.411,0,0.493,0.5,34.776
2632,0.421,0,0.493,0.5,34.535
2633,0.432,0,0.493,0.5,36.145
2634,0.442,0,0.493,0.5,36.386
2635,0.453,0,0.493,0.5,37.03
2636,0.463,0,0.493,0.5,37.271
2637,0.474,0,0.493,0.5,38.157
2638,0.484,0,0.493,0.5,39.445
2639,0.495,0,0.493,0.5,36.627
2640,0.505,0,0.493,0.5,29.785
2641,0.516,0,0.493,0.5,26.726
2642,0.526,0,0.493,0.5,26.726
2643,0.537,0,0.493,0.5,28.336
2644,0.547,0,0.493,0.5,28.577
2645,0.558,0,0.493,0.5,31.636
2646,0.568,0,0.493,0.5,32.2
2647,0.579,0,0.493,0.5,32.764
2648,0.589,0,0.493,0.5,34.937
2649,0.6,0,0.493,0.5,34.454
2650,0.611,0,0.493,0.5,34.051
2651,0.621,0,0.493,0.5,34.051
2652,0.632,0,0.493,0.5,34.051
2653,0.642,0,0.493,0.5,33.649
2654,0.653,0,0.493,0.5,33.971
2655,0.663,0,0.493,0.5,34.051
2656,0.674,0,0.493,0.5,34.374
2657,0.684,0,0.493,0.5,35.42
2658,0.695,0,0.493,0.5,34.937
2659,0.705,0,0.493,0.5,35.017
2660,0.716,0,0.493,0.5,35.5
2661,0.726,0,0.493,0.5,34.615
2662,0.737,0,0.493,0.5,34.535
2663,0.747,0,0.493,0.5,33.408
2664,0.758,0,0.493,0.5,31.476
2665,0.768,0,0.493,0.5,30.831
2666,0.779,0,0.493,0.5,30.51
2667,0.789,0,0.493,0.5,30.912
2668,0.8,0,0.493,0.5,30.429
2669,0.811,0,0.493,0.5,28.98
2670,0.821,0,0.493,0.5,30.348
2671,0.832,0,0.493,0.5,29.06
2672,0.842,0,0.493,0.5,29.946
2673,0.853,0,0.493,0.5,29.705
2674,0.863,0,0.493,0.5,29.785
2675,0.874,0,0.493,0.5,28.739
2676,0.884,0,0.493,0.5,27.611
2677,0.895,0,0.493,0.5,27.611
2678,0.905,0,0.493,0.5,26.001
2679,0.916,0,0.493,0.5,25.358
2680,0.926,0,0.493,0.5,24.955
2681,0.937,0,0.493,0.5,23.506
2682,0.947,0,0.493,0.5,21.413
2683,0.958,0,0.493,0.5,21.252
2684,0.968,0,0.493,0.5,20.125
2685,0.979,0,0.493,0.5,21.413
2686,0.989,0,0.493,0.5,20.769
2687,1,0,0.493,0.5,23.023
2688,0,0,0.348,0.51,22.379
2689,0.011,0,0.348,0.51,21.654
2690,0.021,0,0.348,0.51,21.252
2691,0.032,0,0.348,0.51,21.493
2692,0.042,0,0.348,0.51,21.735
2693,0.053,0,0.348,0.51,21.413
2694,0.063,0,0.348,0.51,20.688
2695,0.074,0,0.348,0.51,20.447
2696,0.084,0,0.348,0.51,20.688
2697,0.095,0,0.348,0.51,20.205
2698,0.105,0,0.348,0.51,20.447
2699,0.116,0,0.348,0.51,19.32
2700,0.126,0,0.348,0.51,19.883
2701,0.137,0,0.348,0.51,18.998
2702,0.147,0,0.348,0.51,19.079
2703,0.158,0,0.348,0.51,19.079
2704,0.168,0,0.348,0.51,19.079
2705,0.179,0,0.348,0.51,18.032
2706,0.189,0,0.348,0.51,18.274
2707,0.2,0,0.348,0.51,18.193
2708,0.211,0,0.348,0.51,18.274
2709,0.221,0,0.348,0.51,18.032
2710,0.232,0,0.348,0.51,18.434
2711,0.242,0,0.348,0.51,17.951
2712,0.253,0,0.348,0.51,19.079
2713,0.263,0,0.348,0.51,19.883
2714,0.274,0,0.348,0.51,19.883
2715,0.284,0,0.348,0.51,21.493
2716,0.295,0,0.348,0.51,21.896
2717,0.305,0,0.348,0.51,21.976
2718,0.316,0,0.348,0.51,22.54
2719,0.326,0,0.348,0.51,23.264
2720,0.337,0,0.348,0.51,25.599
2721,0.347,0,0.348,0.51,28.98
2722,0.358,0,0.348,0.51,30.993
2723,0.368,0,0.348,0.51,32.28
2724,0.379,0,0.348,0.51,32.924
2725,0.389,0,0.348,0.51,33.569
2726,0.4,0,0.348,0.51,34.213
2727,0.411,0,0.348,0.51,33.729
2728,0.421,0,0.348,0.51,34.695
2729,0.432,0,0.348,0.51,34.615
2730,0.442,0,0.348,0.51,34.615
2731,0.453,0,0.348,0.51,34.695
2732,0.463,0,0.348,0.51,34.535
2733,0.474,0,0.348,0.51,35.179
2734,0.484,0,0.348,0.51,35.098
2735,0.495,0,0.348,0.51,33.488
2736,0.505,0,0.348,0.51,26.887
2737,0.516,0,0.348,0.51,24.955
2738,0.526,0,0.348,0.51,25.76
2739,0.537,0,0.348,0.51,25.438
2740,0.547,0,0.348,0.51,27.128
2741,0.558,0,0.348,0.51,30.59
2742,0.568,0,0.348,0.51,30.67
2743,0.579,0,0.348,0.51,32.361
2744,0.589,0,0.348,0.51,32.844
2745,0.6,0,0.348,0.51,33.085
2746,0.611,0,0.348,0.51,31.395
2747,0.621,0,0.348,0.51,31.958
2748,0.632,0,0.348,0.51,32.2
2749,0.642,0,0.348,0.51,32.361
2750,0.653,0,0.348,0.51,32.2
2751,0.663,0,0.348,0.51,32.28
2752,0.674,0,0.348,0.51,33.327
2753,0.684,0,0.348,0.51,33.729
2754,0.695,0,0.348,0.51,32.764
2755,0.705,0,0.348,0.51,34.374
2756,0.716,0,0.348,0.51,34.213
2757,0.726,0,0.348,0.51,34.374
2758,0.737,0,0.348,0.51,34.051
2759,0.747,0,0.348,0.51,33.729
2760,0.758,0,0.348,0.51,30.51
2761,0.768,0,0.348,0.51,30.026
2762,0.779,0,0.348,0.51,29.543
2763,0.789,0,0.348,0.51,29.624
2764,0.8,0,0.348,0.51,28.497
2765,0.811,0,0.348,0.51,28.899
2766,0.821,0,0.348,0.51,28.819
2767,0.832,0,0.348,0.51,28.739
2768,0.842,0,0.348,0.51,28.658
2769,0.853,0,0.348,0.51,28.577
2770,0.863,0,0.348,0.51,28.255
2771,0.874,0,0.348,0.51,28.175
2772,0.884,0,0.348,0.51,27.289
2773,0.895,0,0.348,0.51,26.968
2774,0.905,0,0.348,0.51,25.599
2775,0.916,0,0.348,0.51,24.794
2776,0.926,0,0.348,0.51,24.23
2777,0.937,0,0.348,0.51,23.023
2778,0.947,0,0.348,0.51,21.816
2779,0.958,0,0.348,0.51,20.85
2780,0.968,0,0.348,0.51,21.091
2781,0.979,0,0.348,0.51,21.976
2782,0.989,0,0.348,0.51,22.701
2783,1,0,0.348,0.51,22.701
2784,0,0,0.826,0.16,22.621
2785,0.011,0,0.826,0.16,21.976
2786,0.021,0,0.826,0.16,21.735
2787,0.032,0,0.826,0.16,21.171
2788,0.042,0,0.826,0.16,21.735
2789,0.053,0,0.826,0.16,22.299
2790,0.063,0,0.826,0.16,22.299
2791,0.074,0,0.826,0.16,21.574
2792,0.084,0,0.826,0.16,20.366
2793,0.095,0,0.826,0.16,20.205
2794,0.105,0,0.826,0.16,20.366
2795,0.116,0,0.826,0.16,19.964
2796,0.126,0,0.826,0.16,18.917
2797,0.137,0,0.826,0.16,19.32
2798,0.147,0,0.826,0.16,18.274
2799,0.158,0,0.826,0.16,17.629
2800,0.168,0,0.826,0.16,18.193
2801,0.179,0,0.826,0.16,18.434
2802,0.189,0,0.826,0.16,18.676
2803,0.2,0,0.826,0.16,18.595
2804,0.211,0,0.826,0.16,18.354
2805,0.221,0,0.826,0.16,17.629
2806,0.232,0,0.826,0.16,19.24
2807,0.242,0,0.826,0.16,18.998
2808,0.253,0,0.826,0.16,17.951
2809,0.263,0,0.826,0.16,19.642
2810,0.274,0,0.826,0.16,19.803
2811,0.284,0,0.826,0.16,21.976
2812,0.295,0,0.826,0.16,22.942
2813,0.305,0,0.826,0.16,22.459
2814,0.316,0,0.826,0.16,22.942
2815,0.326,0,0.826,0.16,24.069
2816,0.337,0,0.826,0.16,25.921
2817,0.347,0,0.826,0.16,28.577
2818,0.358,0,0.826,0.16,30.51
2819,0.368,0,0.826,0.16,32.2
2820,0.379,0,0.826,0.16,31.717
2821,0.389,0,0.826,0.16,33.246
2822,0.4,0,0.826,0.16,33.971
2823,0.411,0,0.826,0.16,34.213
2824,0.421,0,0.826,0.16,34.213
2825,0.432,0,0.826,0.16,34.856
2826,0.442,0,0.826,0.16,34.937
2827,0.453,0,0.826,0.16,35.098
2828,0.463,0,0.826,0.16,36.466
2829,0.474,0,0.826,0.16,37.593
2830,0.484,0,0.826,0.16,37.513
2831,0.495,0,0.826,0.16,33.246
2832,0.505,0,0.826,0.16,26.484
2833,0.516,0,0.826,0.16,23.587
2834,0.526,0,0.826,0.16,24.552
2835,0.537,0,0.826,0.16,25.68
2836,0.547,0,0.826,0.16,26.001
2837,0.558,0,0.826,0.16,28.336
2838,0.568,0,0.826,0.16,30.107
2839,0.579,0,0.826,0.16,30.67
2840,0.589,0,0.826,0.16,31.878
2841,0.6,0,0.826,0.16,32.522
2842,0.611,0,0.826,0.16,31.556
2843,0.621,0,0.826,0.16,31.314
2844,0.632,0,0.826,0.16,32.039
2845,0.642,0,0.826,0.16,32.522
2846,0.653,0,0.826,0.16,32.28
2847,0.663,0,0.826,0.16,32.039
2848,0.674,0,0.826,0.16,31.798
2849,0.684,0,0.826,0.16,31.958
2850,0.695,0,0.826,0.16,31.395
2851,0.705,0,0.826,0.16,31.636
2852,0.716,0,0.826,0.16,31.153
2853,0.726,0,0.826,0.16,30.993
2854,0.737,0,0.826,0.16,31.073
2855,0.747,0,0.826,0.16,29.865
2856,0.758,0,0.826,0.16,27.209
2857,0.768,0,0.826,0.16,27.451
2858,0.779,0,0.826,0.16,26.646
2859,0.789,0,0.826,0.16,26.646
2860,0.8,0,0.826,0.16,26.001
2861,0.811,0,0.826,0.16,27.289
2862,0.821,0,0.826,0.16,27.934
2863,0.832,0,0.826,0.16,28.255
2864,0.842,0,0.826,0.16,28.98
2865,0.853,0,0.826,0.16,29.222
2866,0.863,0,0.826,0.16,29.463
2867,0.874,0,0.826,0.16,29.302
2868,0.884,0,0.826,0.16,28.094
2869,0.895,0,0.826,0.16,28.255
2870,0.905,0,0.826,0.16,27.37
2871,0.916,0,0.826,0.16,25.518
2872,0.926,0,0.826,0.16,25.196
2873,0.937,0,0.826,0.16,23.909
2874,0.947,0,0.826,0.16,21.896
2875,0.958,0,0.826,0.16,20.447
2876,0.968,0,0.826,0.16,21.252
2877,0.979,0,0.826,0.16,21.574
2878,0.989,0,0.826,0.16,21.493
2879,1,0,0.826,0.16,22.137
2880,0,0,0.841,0.64,22.54
2881,0.011,0,0.841,0.64,21.333
2882,0.021,0,0.841,0.64,21.574
2883,0.032,0,0.841,0.64,21.493
2884,0.042,0,0.841,0.64,20.608
2885,0.053,0,0.841,0.64,22.379
2886,0.063,0,0.841,0.64,21.816
2887,0.074,0,0.841,0.64,20.85
2888,0.084,0,0.841,0.64,21.091
2889,0.095,0,0.841,0.64,21.171
2890,0.105,0,0.841,0.64,21.333
2891,0.116,0,0.841,0.64,20.205
2892,0.126,0,0.841,0.64,19.24
2893,0.137,0,0.841,0.64,19.4
2894,0.147,0,0.841,0.64,19.562
2895,0.158,0,0.841,0.64,18.917
2896,0.168,0,0.841,0.64,18.595
2897,0.179,0,0.841,0.64,18.515
2898,0.189,0,0.841,0.64,18.595
2899,0.2,0,0.841,0.64,18.112
2900,0.211,0,0.841,0.64,18.917
2901,0.221,0,0.841,0.64,17.871
2902,0.232,0,0.841,0.64,18.354
2903,0.242,0,0.841,0.64,18.354
2904,0.253,0,0.841,0.64,18.193
2905,0.263,0,0.841,0.64,18.998
2906,0.274,0,0.841,0.64,19.562
2907,0.284,0,0.841,0.64,20.608
2908,0.295,0,0.841,0.64,21.333
2909,0.305,0,0.841,0.64,21.091
2910,0.316,0,0.841,0.64,21.252
2911,0.326,0,0.841,0.64,23.023
2912,0.337,0,0.841,0.64,25.277
2913,0.347,0,0.841,0.64,28.577
2914,0.358,0,0.841,0.64,30.751
2915,0.368,0,0.841,0.64,33.085
2916,0.379,0,0.841,0.64,32.924
2917,0.389,0,0.841,0.64,33.81
2918,0.4,0,0.841,0.64,33.649
2919,0.411,0,0.841,0.64,34.374
2920,0.421,0,0.841,0.64,34.293
2921,0.432,0,0.841,0.64,35.179
2922,0.442,0,0.841,0.64,35.984
2923,0.453,0,0.841,0.64,34.615
2924,0.463,0,0.841,0.64,36.145
2925,0.474,0,0.841,0.64,37.03
2926,0.484,0,0.841,0.64,36.788
2927,0.495,0,0.841,0.64,28.014
